	Rewards	Avg_Rewards	Loss	Steps
0	17.0	17.0	0.1069260835647583	17
1	25.0	21.0	0.12995052337646484	25
2	34.0	25.333333333333332	-0.406414270401001	34
3	34.0	27.5	-0.27305030822753906	34
4	15.0	25.0	0.011782169342041016	15
5	10.0	22.5	-0.3921473026275635	10
6	13.0	21.142857142857142	-0.05730164051055908	13
7	16.0	20.5	0.02848273515701294	16
8	24.0	20.88888888888889	0.0922052264213562	24
9	23.0	21.1	-0.01375722885131836	23
10	27.0	21.636363636363637	-0.166550874710083	27
11	15.0	21.083333333333332	0.11078715324401855	15
12	46.0	23.0	2.0877678394317627	46
13	26.0	23.214285714285715	0.054261207580566406	26
14	23.0	23.2	-0.44477343559265137	23
15	32.0	23.75	0.5022189617156982	32
16	15.0	23.235294117647058	1.2230918407440186	15
17	16.0	22.833333333333332	-0.6644965410232544	16
18	26.0	23.0	0.006527423858642578	26
19	18.0	22.75	0.1622927188873291	18
20	44.0	23.761904761904763	0.539713442325592	44
21	31.0	24.09090909090909	0.9154791831970215	31
22	11.0	23.52173913043478	0.7538666725158691	11
23	24.0	23.541666666666668	0.3313451409339905	24
24	44.0	24.36	1.0868608951568604	44
25	10.0	23.807692307692307	-0.400783896446228	10
26	16.0	23.51851851851852	-0.16786611080169678	16
27	11.0	23.071428571428573	0.01103520393371582	11
28	9.0	22.586206896551722	0.42372995615005493	9
29	18.0	22.433333333333334	-0.018572330474853516	18
30	30.0	22.677419354838708	0.09923362731933594	30
31	48.0	23.46875	2.3732986450195312	48
32	10.0	23.060606060606062	0.341310977935791	10
33	70.0	24.441176470588236	-1.3800451755523682	70
34	17.0	24.228571428571428	0.2396984100341797	17
35	20.0	24.11111111111111	-0.07552242279052734	20
36	17.0	23.91891891891892	-0.47223973274230957	17
37	20.0	23.81578947368421	0.025318175554275513	20
38	14.0	23.564102564102566	0.1870274543762207	14
39	14.0	23.325	-0.15670347213745117	14
40	31.0	23.51219512195122	0.4519970417022705	31
41	15.0	23.30952380952381	0.3103353977203369	15
42	15.0	23.11627906976744	0.6888315677642822	15
43	17.0	22.977272727272727	-0.6489248871803284	17
44	62.0	23.844444444444445	-0.3393521308898926	62
45	19.0	23.73913043478261	-0.031597137451171875	19
46	16.0	23.574468085106382	0.3258492946624756	16
47	16.0	23.416666666666668	0.22455263137817383	16
48	21.0	23.367346938775512	-0.1422383189201355	21
49	19.0	23.28	-0.28050661087036133	19
50	45.0	23.705882352941178	0.07772207260131836	45
51	16.0	23.557692307692307	0.08385288715362549	16
52	19.0	23.471698113207548	0.008451461791992188	19
53	19.0	23.38888888888889	-0.04996371269226074	19
54	44.0	23.763636363636362	-0.36480712890625	44
55	16.0	23.625	0.17404389381408691	16
56	31.0	23.75438596491228	-0.7611432075500488	31
57	27.0	23.810344827586206	0.13393878936767578	27
58	21.0	23.76271186440678	-0.20091962814331055	21
59	29.0	23.85	0.09000575542449951	29
60	18.0	23.75409836065574	0.39782023429870605	18
61	15.0	23.612903225806452	-0.2794778347015381	15
62	29.0	23.6984126984127	0.07468020915985107	29
63	17.0	23.59375	0.04715836048126221	17
64	13.0	23.43076923076923	0.29775190353393555	13
65	19.0	23.363636363636363	-0.7973976135253906	19
66	39.0	23.597014925373134	-1.3600986003875732	39
67	20.0	23.544117647058822	0.08807682991027832	20
68	14.0	23.405797101449274	0.05375385284423828	14
69	36.0	23.585714285714285	-0.2603248357772827	36
70	14.0	23.450704225352112	0.035835981369018555	14
71	16.0	23.34722222222222	0.27729499340057373	16
72	13.0	23.205479452054796	0.09137368202209473	13
73	14.0	23.08108108108108	-0.09011578559875488	14
74	12.0	22.933333333333334	0.5969345569610596	12
75	56.0	23.36842105263158	0.656893253326416	56
76	24.0	23.376623376623378	-0.3710334300994873	24
77	20.0	23.333333333333332	-0.14650189876556396	20
78	12.0	23.189873417721518	0.016291677951812744	12
79	31.0	23.2875	-0.012342453002929688	31
80	25.0	23.308641975308642	-0.10753583908081055	25
81	21.0	23.28048780487805	-0.15742266178131104	21
82	13.0	23.156626506024097	0.0875328779220581	13
83	13.0	23.035714285714285	0.25319284200668335	13
84	61.0	23.48235294117647	-0.5477817058563232	61
85	14.0	23.372093023255815	-0.1758970022201538	14
86	47.0	23.64367816091954	-0.5901801586151123	47
87	30.0	23.71590909090909	0.10563468933105469	30
88	51.0	24.02247191011236	-0.3363370895385742	51
89	33.0	24.122222222222224	0.1716684103012085	33
90	17.0	24.043956043956044	-0.19248712062835693	17
91	23.0	24.032608695652176	-0.04486203193664551	23
92	14.0	23.9247311827957	0.17807769775390625	14
93	23.0	23.914893617021278	-0.0236051082611084	23
94	15.0	23.821052631578947	0.12312674522399902	15
95	41.0	24.0	-0.5382139682769775	41
96	28.0	24.04123711340206	-0.4660062789916992	28
97	32.0	24.122448979591837	0.25140058994293213	32
98	24.0	24.12121212121212	-0.6070117950439453	24
99	14.0	24.02	-0.16023850440979004	14
100	52.0	24.37	-0.25324201583862305	52
101	18.0	24.3	0.10586845874786377	18
102	36.0	24.32	-0.40502071380615234	36
103	14.0	24.12	0.2755453586578369	14
104	35.0	24.32	-0.8422794342041016	35
105	32.0	24.54	-0.08054709434509277	32
106	27.0	24.68	-0.0815572738647461	27
107	13.0	24.65	-0.2318568229675293	13
108	59.0	25.0	-0.38619446754455566	59
109	29.0	25.06	-0.5490171909332275	29
110	24.0	25.03	-1.7174341678619385	24
111	50.0	25.38	-0.9273824691772461	50
112	29.0	25.21	0.1478254199028015	29
113	50.0	25.45	-0.005301952362060547	50
114	18.0	25.4	-0.42519891262054443	18
115	21.0	25.29	-0.08147311210632324	21
116	17.0	25.31	0.25744205713272095	17
117	20.0	25.35	0.14268016815185547	20
118	20.0	25.29	0.14140170812606812	20
119	19.0	25.3	0.3680539131164551	19
120	15.0	25.01	0.210221529006958	15
121	54.0	25.24	-0.5667643547058105	54
122	54.0	25.67	0.18107056617736816	54
123	18.0	25.61	0.16354036331176758	18
124	43.0	25.6	0.5158185958862305	43
125	29.0	25.79	0.09786438941955566	29
126	40.0	26.03	-0.472389817237854	40
127	22.0	26.14	-1.2479188442230225	22
128	29.0	26.34	0.27703630924224854	29
129	29.0	26.45	0.11189413070678711	29
130	14.0	26.29	0.33603763580322266	14
131	15.0	25.96	-0.1860504150390625	15
132	39.0	26.25	0.7073776721954346	39
133	34.0	25.89	-0.2762906551361084	34
134	13.0	25.85	0.5024959444999695	13
135	25.0	25.9	-0.31749117374420166	25
136	14.0	25.87	-0.4190645217895508	14
137	30.0	25.97	0.6773080825805664	30
138	44.0	26.27	-1.3878109455108643	44
139	59.0	26.72	0.025495052337646484	59
140	28.0	26.69	-0.07958662509918213	28
141	15.0	26.69	0.5956175327301025	15
142	48.0	27.02	-0.28458237648010254	48
143	43.0	27.28	-0.1397702693939209	43
144	15.0	26.81	-0.3278658390045166	15
145	62.0	27.24	0.37386417388916016	62
146	27.0	27.35	0.17667222023010254	27
147	12.0	27.31	1.0906708240509033	12
148	25.0	27.35	0.20298635959625244	25
149	28.0	27.44	-0.44162189960479736	28
150	78.0	27.77	-1.1002757549285889	78
151	33.0	27.94	-0.9094071984291077	33
152	13.0	27.88	0.7159404754638672	13
153	19.0	27.88	-1.0177745819091797	19
154	22.0	27.66	-0.4241931438446045	22
155	27.0	27.77	-0.9746947288513184	27
156	37.0	27.83	0.1848459243774414	37
157	24.0	27.8	-0.8576682806015015	24
158	72.0	28.31	-0.6999542713165283	72
159	75.0	28.77	0.12252306938171387	75
160	33.0	28.92	-0.2802281975746155	33
161	16.0	28.93	-0.4224214553833008	16
162	29.0	28.93	0.3642609119415283	29
163	26.0	29.02	0.5710203647613525	26
164	71.0	29.6	-0.29541587829589844	71
165	20.0	29.61	0.5413644313812256	20
166	27.0	29.49	-0.7573626041412354	27
167	60.0	29.89	-2.3342819213867188	60
168	19.0	29.94	-1.920109510421753	19
169	83.0	30.41	-0.5807735919952393	83
170	25.0	30.52	-1.1199510097503662	25
171	12.0	30.48	-0.26544421911239624	12
172	18.0	30.53	0.35686731338500977	18
173	17.0	30.56	0.1287899613380432	17
174	20.0	30.64	-1.3072915077209473	20
175	17.0	30.25	0.6927831768989563	17
176	36.0	30.37	-0.020529508590698242	36
177	29.0	30.46	0.9328445196151733	29
178	23.0	30.57	0.3530004024505615	23
179	28.0	30.54	-0.6021524667739868	28
180	20.0	30.49	-1.1001956462860107	20
181	17.0	30.45	-0.6336685419082642	17
182	24.0	30.56	0.5089424848556519	24
183	54.0	30.97	-0.309553861618042	54
184	57.0	30.93	-2.5143020153045654	57
185	23.0	31.02	0.40044474601745605	23
186	41.0	30.96	-0.5067133903503418	41
187	50.0	31.16	-1.8422675132751465	50
188	21.0	30.86	-1.2846945524215698	21
189	36.0	30.89	-0.44017231464385986	36
190	22.0	30.94	-0.6705447435379028	22
191	33.0	31.04	0.021098315715789795	33
192	43.0	31.33	0.08267402648925781	43
193	15.0	31.25	-3.446157932281494	15
194	32.0	31.42	-0.6188331842422485	32
195	81.0	31.82	-0.4655737280845642	81
196	41.0	31.95	0.27097558975219727	41
197	15.0	31.78	-1.0506062507629395	15
198	59.0	32.13	-0.7417182922363281	59
199	44.0	32.43	-1.288419246673584	44
200	27.0	32.18	0.04575824737548828	27
201	50.0	32.5	0.482771635055542	50
202	44.0	32.58	-0.0335155725479126	44
203	39.0	32.83	-0.5753824710845947	39
204	16.0	32.64	-1.4837597608566284	16
205	47.0	32.79	-0.8336329460144043	47
206	12.0	32.64	0.09823048114776611	12
207	38.0	32.89	-0.04856610298156738	38
208	12.0	32.42	-0.5579749941825867	12
209	23.0	32.36	0.38112926483154297	23
210	41.0	32.53	0.35436034202575684	41
211	26.0	32.29	-0.6882963180541992	26
212	31.0	32.31	0.6126543283462524	31
213	40.0	32.21	0.112285315990448	40
214	20.0	32.23	-1.6459909677505493	20
215	37.0	32.39	-0.6497476100921631	37
216	15.0	32.37	-0.6693360805511475	15
217	39.0	32.56	0.5193908214569092	39
218	14.0	32.5	-1.815373182296753	14
219	37.0	32.68	-1.3864926099777222	37
220	21.0	32.74	-1.0438212156295776	21
221	69.0	32.89	-1.4552134275436401	69
222	25.0	32.6	-0.3782116174697876	25
223	80.0	33.22	-0.31258440017700195	80
224	20.0	32.99	-0.0429232120513916	20
225	28.0	32.98	-0.8757655620574951	28
226	21.0	32.79	0.6180822849273682	21
227	26.0	32.83	-4.305890083312988	26
228	39.0	32.93	-0.031830549240112305	39
229	33.0	32.97	0.6565625071525574	33
230	76.0	33.59	-1.8779124021530151	76
231	61.0	34.05	-1.0889571905136108	61
232	99.0	34.65	-4.430273056030273	99
233	28.0	34.59	0.1390092372894287	28
234	58.0	35.04	-1.7819619178771973	58
235	61.0	35.4	-3.1709232330322266	61
236	36.0	35.62	-1.6891062259674072	36
237	44.0	35.76	-0.4220044016838074	44
238	34.0	35.66	-0.008328914642333984	34
239	14.0	35.21	0.8102073669433594	14
240	67.0	35.6	-0.4785037040710449	67
241	66.0	36.11	-3.5100879669189453	66
242	29.0	35.92	-1.626469612121582	29
243	47.0	35.96	-1.8475327491760254	47
244	23.0	36.04	0.08028829097747803	23
245	19.0	35.61	1.1678886413574219	19
246	41.0	35.75	-1.994961142539978	41
247	28.0	35.91	-1.384788990020752	28
248	41.0	36.07	-2.7345287799835205	41
249	68.0	36.47	-1.9665923118591309	68
250	40.0	36.09	0.1270235776901245	40
251	40.0	36.16	-0.5300960540771484	40
252	18.0	36.21	1.5304338932037354	18
253	85.0	36.87	-2.4440698623657227	85
254	19.0	36.84	1.0127794742584229	19
255	33.0	36.9	0.47699177265167236	33
256	13.0	36.66	-0.9892406463623047	13
257	38.0	36.8	1.7027710676193237	38
258	23.0	36.31	-1.4954050779342651	23
259	31.0	35.87	-3.65057373046875	31
260	22.0	35.76	-0.7428860664367676	22
261	29.0	35.89	-1.0407180786132812	29
262	71.0	36.31	-1.2904231548309326	71
263	173.0	37.78	0.4088558554649353	173
264	81.0	37.88	-6.872131824493408	81
265	82.0	38.5	1.2845008373260498	82
266	42.0	38.65	1.2128982543945312	42
267	27.0	38.32	0.9921984672546387	27
268	141.0	39.54	0.9403049945831299	141
269	54.0	39.25	0.059290170669555664	54
270	112.0	40.12	-5.767791748046875	112
271	55.0	40.55	-1.539332628250122	55
272	28.0	40.65	2.2253823280334473	28
273	39.0	40.87	0.6104822158813477	39
274	68.0	41.35	-1.4572210311889648	68
275	112.0	42.3	-0.20440387725830078	112
276	35.0	42.29	0.4370901584625244	35
277	24.0	42.24	1.804900884628296	24
278	85.0	42.86	2.495398998260498	85
279	33.0	42.91	0.6288965344429016	33
280	75.0	43.46	0.802215576171875	75
281	16.0	43.45	2.0313873291015625	16
282	28.0	43.49	1.199026107788086	28
283	83.0	43.78	0.4052693843841553	83
284	79.0	44.0	-2.0612545013427734	79
285	35.0	44.12	-0.4105534553527832	35
286	83.0	44.54	-1.7908530235290527	83
287	60.0	44.64	-1.2812050580978394	60
288	29.0	44.72	-3.4544529914855957	29
289	109.0	45.45	0.7959218621253967	109
290	82.0	46.05	-1.219251275062561	82
291	36.0	46.08	-3.3353171348571777	36
292	63.0	46.28	-2.5840935707092285	63
293	74.0	46.87	1.6622552871704102	74
294	74.0	47.29	0.2639951705932617	74
295	105.0	47.53	0.4247744083404541	105
296	32.0	47.44	-2.272395372390747	32
297	54.0	47.83	0.739903450012207	54
298	14.0	47.38	-0.20672345161437988	14
299	46.0	47.4	-2.174750804901123	46
300	45.0	47.58	-4.3336310386657715	45
301	30.0	47.38	-2.3294432163238525	30
302	313.0	50.07	-1.4366062879562378	313
303	46.0	50.14	0.38823819160461426	46
304	85.0	50.83	-0.9929777383804321	85
305	20.0	50.56	1.8681474924087524	20
306	19.0	50.63	-0.31647491455078125	19
307	51.0	50.76	-1.2037522792816162	51
308	40.0	51.04	-1.0396239757537842	40
309	60.0	51.41	-1.560605525970459	60
310	36.0	51.36	0.24180155992507935	36
311	36.0	51.46	1.0481595993041992	36
312	43.0	51.58	-0.9730839729309082	43
313	86.0	52.04	-0.2642245292663574	86
314	102.0	52.86	0.9867255687713623	102
315	47.0	52.96	-1.3522329330444336	47
316	76.0	53.57	-2.4633703231811523	76
317	42.0	53.6	-3.678278923034668	42
318	108.0	54.54	-1.0745837688446045	108
319	90.0	55.07	1.2464945316314697	90
320	90.0	55.76	-2.768397569656372	90
321	49.0	55.56	-1.668304204940796	49
322	17.0	55.48	-0.9148891568183899	17
323	30.0	54.98	-4.133998870849609	30
324	152.0	56.3	0.14218616485595703	152
325	204.0	58.06	-2.1434988975524902	204
326	55.0	58.4	-2.3009848594665527	55
327	100.0	59.14	-1.154526710510254	100
328	62.0	59.37	0.5663936138153076	62
329	123.0	60.27	-1.5018458366394043	123
330	101.0	60.52	-0.6687098145484924	101
331	30.0	60.21	-0.7566400766372681	30
332	85.0	60.07	-2.100364923477173	85
333	16.0	59.95	1.1369209289550781	16
334	89.0	60.26	-1.899165391921997	89
335	26.0	59.91	1.2651314735412598	26
336	107.0	60.62	-3.3927547931671143	107
337	52.0	60.7	-4.854583263397217	52
338	204.0	62.4	2.0305004119873047	204
339	26.0	62.52	-5.176214694976807	26
340	95.0	62.8	-3.124124765396118	95
341	117.0	63.31	-4.521511077880859	117
342	20.0	63.22	-0.049480587244033813	20
343	33.0	63.08	-0.9591278433799744	33
344	104.0	63.89	-3.6553025245666504	104
345	64.0	64.34	-3.207380533218384	64
346	33.0	64.26	-0.07151487469673157	33
347	165.0	65.63	-2.8296923637390137	165
348	79.0	66.01	0.5662697553634644	79
349	79.0	66.12	-2.1561684608459473	79
350	80.0	66.52	0.03699159622192383	80
351	167.0	67.79	-7.339249610900879	167
352	133.0	68.94	-2.761674165725708	133
353	45.0	68.54	-0.19736838340759277	45
354	158.0	69.93	-6.077190399169922	158
355	71.0	70.31	-1.6298465728759766	71
356	34.0	70.52	-3.0695691108703613	34
357	23.0	70.37	-1.8673958778381348	23
358	47.0	70.61	-0.7837564945220947	47
359	73.0	71.03	-2.3308913707733154	73
360	51.0	71.32	-1.220672607421875	51
361	113.0	72.16	-0.8732302188873291	113
362	46.0	71.91	-3.429082155227661	46
363	148.0	71.66	-1.488525629043579	148
364	33.0	71.18	-2.3864502906799316	33
365	150.0	71.86	-1.9353113174438477	150
366	27.0	71.71	-3.5483455657958984	27
367	93.0	72.37	-1.5292271375656128	93
368	80.0	71.76	-2.6740894317626953	80
369	77.0	71.99	-6.449718952178955	77
370	115.0	72.02	-2.310196876525879	115
371	88.0	72.35	-3.48104190826416	88
372	37.0	72.44	-1.0986237525939941	37
373	54.0	72.59	-1.169581651687622	54
374	16.0	72.07	2.9934356212615967	16
375	70.0	71.65	-3.1757733821868896	70
376	191.0	73.21	-4.527031898498535	191
377	37.0	73.34	-0.9523914456367493	37
378	60.0	73.09	-2.989157199859619	60
379	151.0	74.27	-0.3259577751159668	151
380	114.0	74.66	-1.7802212238311768	114
381	60.0	75.1	-5.141635417938232	60
382	190.0	76.72	-1.6633622646331787	190
383	97.0	76.86	-2.295964241027832	97
384	118.0	77.25	-1.354845643043518	118
385	90.0	77.8	-0.9128701686859131	90
386	91.0	77.88	-1.3231844902038574	91
387	79.0	78.07	0.7465131282806396	79
388	121.0	78.99	-2.055957555770874	121
389	72.0	78.62	-0.6342039108276367	72
390	206.0	79.86	-3.3409981727600098	206
391	74.0	80.24	-5.386019706726074	74
392	169.0	81.3	-5.0687360763549805	169
393	124.0	81.8	-4.554678440093994	124
394	276.0	83.82	-5.4593505859375	276
395	50.0	83.27	-0.86324143409729	50
396	72.0	83.67	-1.6429331302642822	72
397	217.0	85.3	-2.978721857070923	217
398	124.0	86.4	-2.09840726852417	124
399	211.0	88.05	-5.321883201599121	211
400	158.0	89.18	-3.008148670196533	158
401	197.0	90.85	-2.5301051139831543	197
402	211.0	89.83	0.28136157989501953	211
403	128.0	90.65	-0.9727687835693359	128
404	369.0	93.49	-8.458581924438477	369
405	126.0	94.55	-1.5645686388015747	126
406	230.0	96.66	2.002462387084961	230
407	242.0	98.57	2.51216459274292	242
408	207.0	100.24	-1.9787671566009521	207
409	136.0	101.0	-4.707708358764648	136
410	226.0	102.9	-5.971415996551514	226
411	287.0	105.41	-2.4921836853027344	287
412	273.0	107.71	-2.01106595993042	273
413	70.0	107.55	-7.697692394256592	70
414	273.0	109.26	-1.7770509719848633	273
415	132.0	110.11	-1.0871548652648926	132
416	180.0	111.15	-2.03263258934021	180
417	221.0	112.94	-8.961220741271973	221
418	250.0	114.36	2.106875419616699	250
419	240.0	115.86	-1.9726333618164062	240
420	178.0	116.74	-3.4568309783935547	178
421	137.0	117.62	-3.056797981262207	137
422	205.0	119.5	-5.759853363037109	205
423	124.0	120.44	0.027917861938476562	124
424	195.0	120.87	-7.5417327880859375	195
425	199.0	120.82	-4.778135776519775	199
426	132.0	121.59	1.4119601249694824	132
427	342.0	124.01	-2.4023020267486572	342
428	161.0	125.0	-7.1942315101623535	161
429	170.0	125.47	3.740386486053467	170
430	125.0	125.71	1.016497015953064	125
431	222.0	127.63	2.307234525680542	222
432	138.0	128.16	0.363842248916626	138
433	178.0	129.78	-5.489225387573242	178
434	209.0	130.98	-0.3349587917327881	209
435	207.0	132.79	-3.8265814781188965	207
436	114.0	132.86	-6.618669509887695	114
437	172.0	134.06	-5.351893901824951	172
438	200.0	134.02	0.1605367660522461	200
439	167.0	135.43	0.6947305202484131	167
440	28.0	134.76	-1.1887760162353516	28
441	309.0	136.68	-6.6710028648376465	309
442	207.0	138.55	3.2479708194732666	207
443	224.0	140.46	2.4302620887756348	224
444	135.0	140.77	-6.983086585998535	135
445	169.0	141.82	-0.2985615134239197	169
446	152.0	143.01	1.0395679473876953	152
447	169.0	143.05	-2.66294002532959	169
448	102.0	143.28	-16.558284759521484	102
449	272.0	145.21	-6.160408020019531	272
450	187.0	146.28	-6.351678371429443	187
451	166.0	146.27	-2.443896770477295	166
452	295.0	147.89	4.354246139526367	295
453	152.0	148.96	-1.7769908905029297	152
454	192.0	149.3	-4.331696510314941	192
455	103.0	149.62	-6.357878684997559	103
456	168.0	150.96	-1.7014909982681274	168
457	160.0	152.33	-5.021210670471191	160
458	426.0	156.12	7.2643537521362305	426
459	378.0	159.17	0.7362284660339355	378
460	273.0	161.39	-6.1336894035339355	273
461	75.0	161.01	-0.9260563850402832	75
462	261.0	163.16	-3.0300686359405518	261
463	160.0	163.28	-13.392085075378418	160
464	102.0	163.97	-8.89738655090332	102
465	377.0	166.24	-2.6472673416137695	377
466	264.0	168.61	-2.1196327209472656	264
467	170.0	169.38	-0.3453810214996338	170
468	29.0	168.87	-1.9880483150482178	29
469	183.0	169.93	-1.5426979064941406	183
470	184.0	170.62	-3.347111701965332	184
471	434.0	174.08	-8.958761215209961	434
472	181.0	175.52	-8.5245361328125	181
473	101.0	175.99	0.7356223464012146	101
474	335.0	179.18	-3.085097312927246	335
475	258.0	181.06	-3.367748498916626	258
476	500.0	184.15	-5.638798236846924	500
477	141.0	185.19	-11.407100677490234	141
478	142.0	186.01	2.86734676361084	142
479	325.0	187.75	-5.341754913330078	325
480	114.0	187.75	-1.3925881385803223	114
481	162.0	188.77	-7.490164279937744	162
482	294.0	189.81	-2.341543197631836	294
483	301.0	191.85	-5.243037223815918	301
484	355.0	194.22	-10.99753475189209	355
485	206.0	195.38	-4.059749126434326	206
486	390.0	198.37	-7.633933067321777	390
487	130.0	198.88	2.059542417526245	130
488	386.0	201.53	-8.906024932861328	386
489	199.0	202.8	-4.72763729095459	199
490	181.0	202.55	-3.228273630142212	181
491	207.0	203.88	-7.132541656494141	207
492	166.0	203.85	-1.463841438293457	166
493	196.0	204.57	-6.878319263458252	196
494	204.0	203.85	-3.0135719776153564	204
495	383.0	207.18	-9.525264739990234	383
496	268.0	209.14	-4.344978332519531	268
497	215.0	209.12	-4.862424850463867	215
498	302.0	210.9	-0.6965246200561523	302
499	243.0	211.22	2.6168746948242188	243
500	232.0	211.96	-1.3921422958374023	232
501	150.0	211.49	-10.131734848022461	150
502	227.0	211.65	-0.3834648132324219	227
503	466.0	215.03	-15.831623077392578	466
504	500.0	216.34	2.1710104942321777	500
505	307.0	218.15	0.5544478893280029	307
506	155.0	217.4	4.294323921203613	155
507	220.0	217.18	4.230650901794434	220
508	313.0	218.24	-2.0358028411865234	313
509	131.0	218.19	-5.877418518066406	131
510	129.0	217.22	-2.6265156269073486	129
511	243.0	216.78	-2.612346649169922	243
512	236.0	216.41	4.348208427429199	236
513	219.0	217.9	-8.190552711486816	219
514	237.0	217.54	6.2917327880859375	237
515	210.0	218.32	-3.9044206142425537	210
516	280.0	219.32	-2.661256790161133	280
517	55.0	217.66	-6.725671768188477	55
518	342.0	218.58	-2.652942180633545	342
519	165.0	217.83	-5.589059352874756	165
520	175.0	217.8	-6.957725524902344	175
521	230.0	218.73	-0.23636603355407715	230
522	194.0	218.62	-0.12760484218597412	194
523	39.0	217.77	0.2172691822052002	39
524	304.0	218.86	-21.403974533081055	304
525	227.0	219.14	5.469081878662109	227
526	281.0	220.63	-3.1834278106689453	281
527	325.0	220.46	-5.54388427734375	325
528	443.0	223.28	-1.0730328559875488	443
529	147.0	223.05	4.14269495010376	147
530	123.0	223.03	-2.7768607139587402	123
531	149.0	222.3	1.5014183521270752	149
532	209.0	223.01	-0.805938720703125	209
533	373.0	224.96	2.113790273666382	373
534	500.0	227.87	-2.1165335178375244	500
535	192.0	227.72	-2.5125303268432617	192
536	285.0	229.43	-0.40840548276901245	285
537	223.0	229.94	-7.864826202392578	223
538	253.0	230.47	-2.843135118484497	253
539	469.0	233.49	-10.990082740783691	469
540	329.0	236.5	-6.26531982421875	329
541	265.0	236.06	-3.3048112392425537	265
542	380.0	237.79	-0.09386301040649414	380
543	172.0	237.27	-1.8042058944702148	172
544	393.0	239.85	-5.952107906341553	393
545	314.0	241.3	-8.247676849365234	314
546	220.0	241.98	-4.956345558166504	220
547	231.0	242.6	-5.733554363250732	231
548	303.0	244.61	-0.04805588722229004	303
549	500.0	246.89	-0.03559434413909912	500
550	500.0	250.02	7.791951656341553	500
551	181.0	250.17	-1.9391133785247803	181
552	329.0	250.51	-8.82372760772705	329
553	167.0	250.66	0.039974212646484375	167
554	312.0	251.86	-8.211520195007324	312
555	187.0	252.7	0.3192014694213867	187
556	342.0	254.44	-9.971086502075195	342
557	232.0	255.16	-6.848821640014648	232
558	395.0	254.85	-8.789777755737305	395
559	164.0	252.71	-0.9792580604553223	164
560	301.0	252.99	-15.005395889282227	301
561	302.0	255.26	-8.554437637329102	302
562	307.0	255.72	-10.805270195007324	307
563	388.0	258.0	3.748518943786621	388
564	118.0	258.16	-2.437758207321167	118
565	207.0	256.46	-0.6394178867340088	207
566	331.0	257.13	6.210031509399414	331
567	148.0	256.91	1.680018663406372	148
568	293.0	259.55	-1.7070298194885254	293
569	166.0	259.38	1.6117417812347412	166
570	242.0	259.96	-0.06327438354492188	242
571	254.0	258.16	-4.065431594848633	254
572	330.0	259.65	1.4589154720306396	330
573	250.0	261.14	-5.929887771606445	250
574	437.0	262.16	3.3720858097076416	437
575	222.0	261.8	-3.3804478645324707	222
576	295.0	259.75	-3.879143714904785	295
577	180.0	260.14	-3.2542219161987305	180
578	210.0	260.82	1.0225329399108887	210
579	243.0	260.0	-0.431119441986084	243
580	237.0	261.23	-4.963015556335449	237
581	207.0	261.68	-2.007408618927002	207
582	180.0	260.54	4.486701488494873	180
583	154.0	259.07	-8.208740234375	154
584	343.0	258.95	-12.155008316040039	343
585	283.0	259.72	2.27766752243042	283
586	311.0	258.93	-3.7606465816497803	311
587	157.0	259.2	5.209737777709961	157
588	274.0	258.08	-0.37088847160339355	274
589	218.0	258.27	-2.905945062637329	218
590	181.0	258.27	-7.0767974853515625	181
591	323.0	259.43	4.1120991706848145	323
592	312.0	260.89	-8.16539478302002	312
593	500.0	263.93	-8.928136825561523	500
594	315.0	265.04	-7.444989204406738	315
595	205.0	263.26	-5.354008674621582	205
596	306.0	263.64	2.1101622581481934	306
597	402.0	265.51	7.559483528137207	402
598	463.0	267.12	-16.018299102783203	463
599	276.0	267.45	-3.391817092895508	276
600	133.0	266.46	-1.3027408123016357	133
601	326.0	268.22	-5.410163879394531	326
602	326.0	269.21	11.855321884155273	326
603	293.0	267.48	4.382174491882324	293
604	183.0	264.31	-7.258412837982178	183
605	198.0	263.22	-5.930736541748047	198
606	281.0	264.48	2.895092010498047	281
607	257.0	264.85	-9.730243682861328	257
608	500.0	266.72	7.013437747955322	500
609	261.0	268.02	-1.541009783744812	261
610	165.0	268.38	-5.741927146911621	165
611	204.0	267.99	3.616217613220215	204
612	295.0	268.58	4.6987810134887695	295
613	233.0	268.72	-0.7208585739135742	233
614	123.0	267.58	2.0708413124084473	123
615	331.0	268.79	-1.744035243988037	331
616	310.0	269.09	5.621828079223633	310
617	295.0	271.49	-12.26577377319336	295
618	197.0	270.04	-16.008148193359375	197
619	307.0	271.46	-3.962533712387085	307
620	168.0	271.39	3.0069284439086914	168
621	237.0	271.46	-0.514653205871582	237
622	350.0	273.02	-7.216874599456787	350
623	248.0	275.11	-6.790255546569824	248
624	500.0	277.07	-9.931841850280762	500
625	215.0	276.95	-6.9073357582092285	215
626	314.0	277.28	-14.457466125488281	314
627	310.0	277.13	-1.1247940063476562	310
628	314.0	275.84	2.7817935943603516	314
629	101.0	275.38	5.724583625793457	101
630	294.0	277.09	0.7717766761779785	294
631	158.0	277.18	-7.052855491638184	158
632	500.0	280.09	-2.9266438484191895	500
633	190.0	278.26	-9.317350387573242	190
634	301.0	276.27	-8.615962028503418	301
635	500.0	279.35	-16.210186004638672	500
636	201.0	278.51	-9.664449691772461	201
637	232.0	278.6	-12.49072551727295	232
638	343.0	279.5	-8.894153594970703	343
639	120.0	276.01	1.3830680847167969	120
640	374.0	276.46	-3.812044143676758	374
641	162.0	275.43	-3.5930871963500977	162
642	224.0	273.87	1.114931583404541	224
643	354.0	275.69	-7.699557781219482	354
644	247.0	274.23	-5.664341926574707	247
645	269.0	273.78	3.720053195953369	269
646	170.0	273.28	5.3105621337890625	170
647	368.0	274.65	-13.616365432739258	368
648	229.0	273.91	-13.904335021972656	229
649	378.0	272.69	2.2449121475219727	378
650	321.0	270.9	-1.93656325340271	321
651	262.0	271.71	-2.275383234024048	262
652	145.0	269.87	-5.579493045806885	145
653	102.0	269.22	0.5886663198471069	102
654	341.0	269.51	-13.525847434997559	341
655	315.0	270.79	4.639031410217285	315
656	296.0	270.33	-1.1497373580932617	296
657	342.0	271.43	-2.149939775466919	342
658	500.0	272.48	5.678356647491455	500
659	229.0	273.13	-9.929503440856934	229
660	233.0	272.45	-3.791031837463379	233
661	193.0	271.36	-3.2889325618743896	193
662	500.0	273.29	2.0903244018554688	500
663	500.0	274.41	-1.6093225479125977	500
664	216.0	275.39	-8.360490798950195	216
665	240.0	275.72	-19.383377075195312	240
666	281.0	275.22	0.4916730523109436	281
667	500.0	278.74	-11.318334579467773	500
668	157.0	277.38	1.4024250507354736	157
669	155.0	277.27	-6.172950744628906	155
670	138.0	276.23	-1.1616554260253906	138
671	217.0	275.86	-6.210100173950195	217
672	354.0	276.1	-3.3029818534851074	354
673	341.0	277.01	-7.314413547515869	341
674	85.0	273.49	-9.423958778381348	85
675	36.0	271.63	0.5031977891921997	36
676	215.0	270.83	0.9222705364227295	215
677	164.0	270.67	0.39499711990356445	164
678	261.0	271.18	10.053730010986328	261
679	500.0	273.75	6.047697067260742	500
680	346.0	274.84	-11.830689430236816	346
681	271.0	275.48	-15.220593452453613	271
682	390.0	277.58	-5.068120956420898	390
683	246.0	278.5	-9.55845832824707	246
684	226.0	277.33	-0.09276950359344482	226
685	250.0	277.0	-14.73265266418457	250
686	216.0	276.05	-9.073699951171875	216
687	411.0	278.59	-6.253095626831055	411
688	500.0	280.85	2.275552272796631	500
689	384.0	282.51	-19.084056854248047	384
690	111.0	281.81	-1.0732967853546143	111
691	323.0	281.81	0.26871442794799805	323
692	139.0	280.08	-2.3428902626037598	139
693	252.0	277.6	-1.2542681694030762	252
694	280.0	277.25	-4.211236000061035	280
695	271.0	277.91	0.6229753494262695	271
696	132.0	276.17	-3.4949307441711426	132
697	362.0	275.77	4.550298690795898	362
698	165.0	272.79	-3.191324234008789	165
699	128.0	271.31	-3.0876455307006836	128
700	154.0	271.52	-12.853306770324707	154
701	192.0	270.18	-11.421253204345703	192
702	108.0	268.0	1.5355219841003418	108
703	134.0	266.41	-5.36980676651001	134
704	309.0	267.67	-7.900976657867432	309
705	172.0	267.41	-2.047572612762451	172
706	214.0	266.74	-9.842775344848633	214
707	175.0	265.92	-6.375609397888184	175
708	477.0	265.69	-16.29125213623047	477
709	409.0	267.17	-11.429248809814453	409
710	177.0	267.29	-0.028576374053955078	177
711	500.0	270.25	-19.76975440979004	500
712	388.0	271.18	-3.004345655441284	388
713	156.0	270.41	-3.478971481323242	156
714	400.0	273.18	-12.088662147521973	400
715	176.0	271.63	0.034505367279052734	176
716	457.0	273.1	-7.755600929260254	457
717	500.0	275.15	-0.018764495849609375	500
718	155.0	274.73	3.3168845176696777	155
719	154.0	273.2	-1.6090471744537354	154
720	482.0	276.34	-6.569120407104492	482
721	168.0	275.65	-12.418258666992188	168
722	345.0	275.6	-5.685421943664551	345
723	462.0	277.74	-0.007714509963989258	462
724	500.0	277.74	-21.800880432128906	500
725	202.0	277.61	-1.337583065032959	202
726	126.0	275.73	2.9791712760925293	126
727	246.0	275.09	-9.519632339477539	246
728	283.0	274.78	-5.675562381744385	283
729	154.0	275.31	-6.478619575500488	154
730	500.0	277.37	-2.843449592590332	500
731	422.0	280.01	-8.017986297607422	422
732	160.0	276.61	-5.256957530975342	160
733	426.0	278.97	-9.207906723022461	426
734	207.0	278.03	0.7560129165649414	207
735	500.0	278.03	-3.6474609375	500
736	129.0	277.31	-0.2222212851047516	129
737	500.0	279.99	-1.1996355056762695	500
738	156.0	278.12	-5.308785438537598	156
739	133.0	278.25	-1.251246690750122	133
740	449.0	279.0	-8.985950469970703	449
741	277.0	280.15	-4.847869873046875	277
742	167.0	279.58	-1.3561134338378906	167
743	208.0	278.12	0.9809021949768066	208
744	500.0	280.65	2.936375141143799	500
745	226.0	280.22	-4.107417106628418	226
746	293.0	281.45	-6.80199670791626	293
747	169.0	279.46	-0.10797131061553955	169
748	291.0	280.08	-7.374416351318359	291
749	314.0	279.44	-14.842249870300293	314
750	375.0	279.98	-9.321372985839844	375
751	500.0	282.36	-12.345529556274414	500
752	488.0	285.79	-7.471013069152832	488
753	229.0	287.06	0.4053429365158081	229
754	358.0	287.23	-15.936460494995117	358
755	175.0	285.83	-5.790584564208984	175
756	231.0	285.18	-3.8749709129333496	231
757	227.0	284.03	-4.794439315795898	227
758	403.0	283.06	-10.103469848632812	403
759	245.0	283.22	-9.223109245300293	245
760	495.0	285.84	-15.814428329467773	495
761	350.0	287.41	1.510298252105713	350
762	370.0	286.11	3.5142970085144043	370
763	500.0	286.11	-6.008999824523926	500
764	353.0	287.48	-5.183170318603516	353
765	500.0	290.08	-8.4507417678833	500
766	353.0	290.8	-9.715091705322266	353
767	263.0	288.43	-3.77634334564209	263
768	500.0	291.86	2.8626646995544434	500
769	340.0	293.71	-9.289886474609375	340
770	192.0	294.25	-0.8460578918457031	192
771	172.0	293.8	1.4822509288787842	172
772	440.0	294.66	-3.9324893951416016	440
773	432.0	295.57	-13.014483451843262	432
774	277.0	297.49	-19.18018341064453	277
775	451.0	301.64	-11.410444259643555	451
776	478.0	304.27	-28.049388885498047	478
777	299.0	305.62	-11.052412033081055	299
778	492.0	307.93	-8.491924285888672	492
779	416.0	307.09	-0.3605194091796875	416
780	500.0	308.63	7.652174949645996	500
781	500.0	310.92	-5.046118259429932	500
782	364.0	310.66	-10.16763687133789	364
783	198.0	310.18	-0.6419332027435303	198
784	500.0	312.92	1.6747798919677734	500
785	500.0	315.42	-1.2160444259643555	500
786	500.0	318.26	3.3767471313476562	500
787	391.0	318.06	-9.686457633972168	391
788	500.0	318.06	-2.4606988430023193	500
789	500.0	319.22	4.70249080657959	500
790	360.0	321.71	-19.666994094848633	360
791	181.0	320.29	-12.83179759979248	181
792	500.0	323.9	7.075293064117432	500
793	332.0	324.7	-13.900262832641602	332
794	286.0	324.76	-4.191634178161621	286
795	500.0	327.05	4.499239921569824	500
796	490.0	330.63	-22.53931999206543	490
797	260.0	329.61	-9.585267066955566	260
798	145.0	329.41	7.944223880767822	145
799	333.0	331.46	-1.9885350465774536	333
800	500.0	334.92	-3.0614795684814453	500
801	500.0	338.0	-6.662242889404297	500
802	230.0	339.22	-0.35191720724105835	230
803	500.0	342.88	1.015479326248169	500
804	500.0	344.79	1.1948871612548828	500
805	500.0	348.07	5.001875877380371	500
806	500.0	350.93	-18.276464462280273	500
807	500.0	354.18	-4.450005054473877	500
808	500.0	354.41	4.660386562347412	500
809	500.0	355.32	-4.497949600219727	500
810	450.0	358.05	-11.866361618041992	450
811	500.0	358.05	-2.0043182373046875	500
812	500.0	359.17	-2.522822618484497	500
813	373.0	361.34	-20.61812400817871	373
814	500.0	362.34	10.617323875427246	500
815	234.0	362.92	-10.145975112915039	234
816	500.0	363.35	-0.6416339874267578	500
817	500.0	363.35	14.021900177001953	500
818	500.0	366.8	0.3234591484069824	500
819	500.0	370.26	-6.256094455718994	500
820	500.0	370.44	-13.727313995361328	500
821	284.0	371.6	-9.314346313476562	284
822	500.0	373.15	1.5642309188842773	500
823	500.0	373.53	-5.223794937133789	500
824	500.0	373.53	11.326702117919922	500
825	500.0	376.51	-3.7372689247131348	500
826	500.0	380.25	0.8145561218261719	500
827	253.0	380.32	-4.486207485198975	253
828	275.0	380.24	13.448379516601562	275
829	500.0	383.7	2.756864547729492	500
830	500.0	383.7	-3.015251398086548	500
831	500.0	384.48	9.587262153625488	500
832	500.0	387.88	-1.957366943359375	500
833	217.0	385.79	-4.88414192199707	217
834	500.0	388.72	8.22864055633545	500
835	500.0	388.72	-1.9375251531600952	500
836	500.0	392.43	-5.452531814575195	500
837	500.0	392.43	-7.606499671936035	500
838	500.0	395.87	-18.039417266845703	500
839	500.0	399.54	-7.254615306854248	500
840	498.0	400.03	-7.743633270263672	498
841	500.0	402.26	8.652554512023926	500
842	322.0	403.81	-3.2639713287353516	322
843	396.0	405.69	-12.709818840026855	396
844	500.0	405.69	2.256826400756836	500
845	212.0	405.55	-9.090566635131836	212
846	299.0	405.61	-9.036365509033203	299
847	326.0	407.18	-4.124128341674805	326
848	500.0	409.27	-11.065068244934082	500
849	500.0	411.13	3.269735813140869	500
850	500.0	412.38	-18.157882690429688	500
851	500.0	412.38	3.9304492473602295	500
852	206.0	409.56	1.5827933549880981	206
853	500.0	412.27	-7.662575721740723	500
854	500.0	413.69	-14.599695205688477	500
855	219.0	414.13	-3.203559398651123	219
856	331.0	415.13	-4.771981716156006	331
857	500.0	417.86	-4.319685935974121	500
858	335.0	417.18	-3.692927837371826	335
859	500.0	419.73	-3.713918924331665	500
860	500.0	419.78	-7.116889953613281	500
861	266.0	418.94	-18.978296279907227	266
862	500.0	420.24	-1.464442491531372	500
863	292.0	418.16	1.051344871520996	292
864	500.0	419.63	-0.31055736541748047	500
865	500.0	419.63	-7.955898761749268	500
866	500.0	421.1	-3.055342674255371	500
867	183.0	420.3	3.374702215194702	183
868	303.0	418.33	-11.557327270507812	303
869	500.0	419.93	1.9174952507019043	500
870	342.0	421.43	-5.867039203643799	342
871	500.0	424.71	-18.772899627685547	500
872	499.0	425.3	-15.07536506652832	499
873	500.0	425.98	-3.2362003326416016	500
874	500.0	428.21	7.99489164352417	500
875	500.0	428.7	-6.197565078735352	500
876	500.0	428.92	7.178022861480713	500
877	500.0	430.93	-15.61501407623291	500
878	219.0	428.2	-7.753079891204834	219
879	217.0	426.21	-0.12680448591709137	217
880	500.0	426.21	0.9118075370788574	500
881	500.0	426.21	2.913553237915039	500
882	407.0	426.64	-1.9916489124298096	407
883	500.0	429.66	-14.719775199890137	500
884	500.0	429.66	-8.83047866821289	500
885	500.0	429.66	-7.210656642913818	500
886	500.0	429.66	12.747657775878906	500
887	410.0	429.85	2.212615966796875	410
888	500.0	429.85	-2.574587345123291	500
889	500.0	429.85	-10.935934066772461	500
890	500.0	431.25	-0.6100277900695801	500
891	500.0	434.44	1.863595962524414	500
892	500.0	434.44	-7.142660140991211	500
893	500.0	436.12	-9.050671577453613	500
894	421.0	437.47	-7.723781108856201	421
895	500.0	437.47	-11.642345428466797	500
896	315.0	435.72	-4.200855255126953	315
897	500.0	438.12	2.6339170932769775	500
898	500.0	441.67	-7.970145225524902	500
899	500.0	443.34	6.345907211303711	500
900	188.0	440.22	-3.4008140563964844	188
901	500.0	440.22	1.7473163604736328	500
902	229.0	440.21	7.289860248565674	229
903	311.0	438.32	4.801141738891602	311
904	500.0	438.32	3.6810197830200195	500
905	500.0	438.32	-5.806784629821777	500
906	500.0	438.32	-7.917173385620117	500
907	500.0	438.32	3.0493476390838623	500
908	500.0	438.32	5.709827423095703	500
909	500.0	438.32	-9.823468208312988	500
910	500.0	438.82	-10.076501846313477	500
911	500.0	438.82	-8.034194946289062	500
912	500.0	438.82	-15.730602264404297	500
913	362.0	438.71	-9.629254341125488	362
914	444.0	438.15	3.1482882499694824	444
915	500.0	440.81	-1.5443382263183594	500
916	500.0	440.81	-0.1025705337524414	500
917	500.0	440.81	-9.488080978393555	500
918	450.0	440.31	-7.024240493774414	450
919	500.0	440.31	-24.493013381958008	500
920	208.0	437.39	-11.152294158935547	208
921	429.0	438.84	-10.84801959991455	429
922	500.0	438.84	2.017984390258789	500
923	500.0	438.84	2.009092330932617	500
924	500.0	438.84	-14.875840187072754	500
925	500.0	438.84	0.8787684440612793	500
926	500.0	438.84	6.020240783691406	500
927	500.0	441.31	12.531438827514648	500
928	463.0	443.19	-18.873624801635742	463
929	500.0	443.19	-3.5951404571533203	500
930	500.0	443.19	-2.931155204772949	500
931	500.0	443.19	1.147923469543457	500
932	200.0	440.19	1.2725472450256348	200
933	271.0	440.73	-12.142229080200195	271
934	500.0	440.73	12.194403648376465	500
935	500.0	440.73	4.874225616455078	500
936	500.0	440.73	-8.132491111755371	500
937	428.0	440.01	2.2552242279052734	428
938	500.0	440.01	-10.764087677001953	500
939	500.0	440.01	7.3789591789245605	500
940	500.0	440.03	-11.735101699829102	500
941	500.0	440.03	-3.5888891220092773	500
942	500.0	441.81	-11.50564956665039	500
943	500.0	442.85	-8.292208671569824	500
944	323.0	441.08	-7.104236125946045	323
945	500.0	443.96	4.49024772644043	500
946	500.0	445.97	-9.938457489013672	500
947	500.0	447.71	-18.016372680664062	500
948	471.0	447.42	-11.388044357299805	471
949	500.0	447.42	12.8560152053833	500
950	500.0	447.42	-10.97011661529541	500
951	500.0	447.42	1.4724111557006836	500
952	500.0	450.36	-13.320243835449219	500
953	500.0	450.36	0.4387784004211426	500
954	500.0	450.36	4.94354248046875	500
955	500.0	453.17	8.62685775756836	500
956	500.0	454.86	-2.506830930709839	500
957	500.0	454.86	-13.963708877563477	500
958	500.0	456.51	4.382879257202148	500
959	500.0	456.51	2.889890670776367	500
960	500.0	456.51	9.560468673706055	500
961	500.0	458.85	-6.3955841064453125	500
962	444.0	458.29	-10.933677673339844	444
963	500.0	460.37	5.550506591796875	500
964	500.0	460.37	-8.248600006103516	500
965	274.0	458.11	-5.716179847717285	274
966	500.0	458.11	-7.539689064025879	500
967	500.0	461.28	-14.329081535339355	500
968	500.0	463.25	-10.786880493164062	500
969	270.0	460.95	-2.665454149246216	270
970	500.0	462.53	-10.980461120605469	500
971	463.0	462.16	-9.226399421691895	463
972	500.0	462.17	2.008031129837036	500
973	500.0	462.17	14.062447547912598	500
974	500.0	462.17	-4.212431907653809	500
975	324.0	460.41	-7.9204511642456055	324
976	500.0	460.41	-6.150196075439453	500
977	412.0	459.53	-1.729703426361084	412
978	500.0	462.34	-4.890182018280029	500
979	500.0	465.17	9.101255416870117	500
980	500.0	465.17	0.9639723300933838	500
981	500.0	465.17	-11.821073532104492	500
982	500.0	466.1	7.6815290451049805	500
983	500.0	466.1	-0.27027082443237305	500
984	479.0	465.89	-8.316377639770508	479
985	500.0	465.89	3.8748717308044434	500
986	500.0	465.89	-5.984217643737793	500
987	500.0	466.79	3.204028844833374	500
988	500.0	466.79	-1.5567922592163086	500
989	500.0	466.79	5.615124702453613	500
990	500.0	466.79	-2.6938529014587402	500
991	500.0	466.79	-10.749517440795898	500
992	500.0	466.79	5.033145904541016	500
993	494.0	466.73	2.8020401000976562	494
994	500.0	467.52	1.2397456169128418	500
995	500.0	467.52	-1.2667818069458008	500
996	485.0	469.22	-10.384919166564941	485
997	500.0	469.22	5.859415054321289	500
998	500.0	469.22	-6.661874771118164	500
999	500.0	469.22	-1.355973243713379	500
1000	500.0	472.34	-1.5765299797058105	500
1001	500.0	472.34	4.365128993988037	500
1002	500.0	475.05	-15.675840377807617	500
1003	500.0	476.94	18.229448318481445	500
1004	500.0	476.94	-1.4306449890136719	500
1005	500.0	476.94	11.166141510009766	500
1006	500.0	476.94	-3.791293144226074	500
1007	500.0	476.94	8.03991413116455	500
1008	500.0	476.94	10.270371437072754	500
1009	373.0	475.67	-17.42259407043457	373
1010	500.0	475.67	-13.42094898223877	500
1011	500.0	475.67	0.5820765495300293	500
1012	500.0	475.67	-11.485910415649414	500
1013	500.0	477.05	-9.351905822753906	500
1014	500.0	477.61	0.9689681529998779	500
1015	294.0	475.55	-22.490619659423828	294
1016	500.0	475.55	4.041630744934082	500
1017	500.0	475.55	3.7592811584472656	500
1018	500.0	476.05	13.074109077453613	500
1019	500.0	476.05	-6.451075077056885	500
1020	500.0	478.97	-9.76401138305664	500
1021	487.0	479.55	-22.839794158935547	487
1022	500.0	479.55	-9.914138793945312	500
1023	500.0	479.55	-5.140729904174805	500
1024	500.0	479.55	0.8878154754638672	500
1025	500.0	479.55	12.151193618774414	500
1026	500.0	479.55	-6.950240135192871	500
1027	500.0	479.55	-3.8674378395080566	500
1028	500.0	479.92	2.164154052734375	500
1029	500.0	479.92	4.972526550292969	500
1030	500.0	479.92	-9.266560554504395	500
1031	500.0	479.92	-17.829776763916016	500
1032	500.0	482.92	-8.978057861328125	500
1033	500.0	485.21	-2.3159878253936768	500
1034	500.0	485.21	7.708724021911621	500
1035	500.0	485.21	-6.21055793762207	500
1036	500.0	485.21	-13.526161193847656	500
1037	500.0	485.93	0.6091585159301758	500
1038	456.0	485.49	2.7035071849823	456
1039	500.0	485.49	5.599158763885498	500
1040	500.0	485.49	9.169917106628418	500
1041	500.0	485.49	2.617631435394287	500
1042	253.0	483.02	7.99013090133667	253
1043	420.0	482.22	3.9210119247436523	420
1044	500.0	483.99	0.5268917083740234	500
1045	500.0	483.99	10.86358642578125	500
1046	500.0	483.99	1.0330791473388672	500
1047	500.0	483.99	-10.090595245361328	500
1048	500.0	484.28	-9.280344009399414	500
1049	500.0	484.28	7.791597366333008	500
1050	500.0	484.28	0.71583092212677	500
1051	414.0	483.42	-0.3230046033859253	414
1052	289.0	481.31	-14.589056015014648	289
1053	500.0	481.31	-5.083907127380371	500
1054	500.0	481.31	0.649688720703125	500
1055	500.0	481.31	5.670849323272705	500
1056	500.0	481.31	6.043495178222656	500
1057	500.0	481.31	-1.006810188293457	500
1058	500.0	481.31	8.111838340759277	500
1059	460.0	480.91	-4.236248970031738	460
1060	500.0	480.91	13.509553909301758	500
1061	486.0	480.77	-1.2645893096923828	486
1062	500.0	481.33	7.487081527709961	500
1063	500.0	481.33	-11.979070663452148	500
1064	500.0	481.33	18.72926902770996	500
1065	500.0	483.59	-1.3043544292449951	500
1066	500.0	483.59	3.2814369201660156	500
1067	500.0	483.59	-12.113492965698242	500
1068	500.0	483.59	-0.9720497131347656	500
1069	500.0	485.89	17.182525634765625	500
1070	353.0	484.42	-2.569253921508789	353
1071	500.0	484.79	13.550355911254883	500
1072	500.0	484.79	4.498826503753662	500
1073	500.0	484.79	-15.330577850341797	500
1074	500.0	484.79	5.271391868591309	500
1075	449.0	486.04	-2.4889769554138184	449
1076	500.0	486.04	10.298959732055664	500
1077	500.0	486.92	-10.136720657348633	500
1078	500.0	486.92	-3.738626003265381	500
1079	500.0	486.92	-8.37317943572998	500
1080	164.0	483.56	-6.121349334716797	164
1081	500.0	483.56	-4.207335472106934	500
1082	500.0	483.56	18.50182342529297	500
1083	330.0	481.86	-18.3251953125	330
1084	500.0	482.07	-19.952835083007812	500
1085	500.0	482.07	-16.685836791992188	500
1086	500.0	482.07	-5.014283657073975	500
1087	500.0	482.07	7.829061508178711	500
1088	500.0	482.07	3.122386932373047	500
1089	500.0	482.07	-0.8162398338317871	500
1090	500.0	482.07	7.415328025817871	500
1091	182.0	478.89	-8.957767486572266	182
1092	500.0	478.89	4.820975303649902	500
1093	500.0	478.95	-0.5912642478942871	500
1094	500.0	478.95	10.428201675415039	500
1095	500.0	478.95	3.072608470916748	500
1096	500.0	479.1	1.0379538536071777	500
1097	260.0	476.7	-12.577680587768555	260
1098	390.0	475.6	-19.052288055419922	390
1099	500.0	475.6	-10.429854393005371	500
1100	500.0	475.6	-2.0390470027923584	500
1101	500.0	475.6	-12.2757568359375	500
1102	500.0	475.6	-5.468482971191406	500
1103	500.0	475.6	-2.8929898738861084	500
1104	500.0	475.6	-0.7015581130981445	500
1105	308.0	473.68	-7.964654922485352	308
1106	500.0	473.68	1.1726670265197754	500
1107	500.0	473.68	2.983276128768921	500
1108	299.0	471.67	11.419770240783691	299
1109	409.0	472.03	-1.093743085861206	409
1110	500.0	472.03	6.83419132232666	500
1111	500.0	472.03	-5.135828971862793	500
1112	500.0	472.03	-2.1421756744384766	500
1113	500.0	472.03	1.9559733867645264	500
1114	500.0	472.03	-8.781135559082031	500
1115	500.0	474.09	-8.340167999267578	500
1116	500.0	474.09	9.519227981567383	500
1117	481.0	473.9	-9.120401382446289	481
1118	500.0	473.9	-19.810409545898438	500
1119	329.0	472.19	-16.326250076293945	329
1120	457.0	471.76	4.444212436676025	457
1121	500.0	471.89	-15.017538070678711	500
1122	500.0	471.89	3.1626076698303223	500
1123	500.0	471.89	1.324336051940918	500
1124	500.0	471.89	6.4499006271362305	500
1125	500.0	471.89	-3.284489631652832	500
1126	500.0	471.89	4.76182746887207	500
1127	500.0	471.89	-16.884143829345703	500
1128	500.0	471.89	6.050049304962158	500
1129	500.0	471.89	-6.869197845458984	500
1130	500.0	471.89	2.432392120361328	500
1131	500.0	471.89	4.601442337036133	500
1132	329.0	470.18	-9.19169807434082	329
1133	500.0	470.18	-5.585343837738037	500
1134	500.0	470.18	-4.38259220123291	500
1135	500.0	470.18	-13.7640380859375	500
1136	500.0	470.18	-9.829227447509766	500
1137	500.0	470.18	-18.672060012817383	500
1138	500.0	470.62	-13.036919593811035	500
1139	500.0	470.62	0.37896299362182617	500
1140	500.0	470.62	-3.3503386974334717	500
1141	371.0	469.33	-12.63691234588623	371
1142	500.0	471.8	9.824596405029297	500
1143	500.0	472.6	-16.945858001708984	500
1144	500.0	472.6	2.2341666221618652	500
1145	500.0	472.6	-3.1940155029296875	500
1146	500.0	472.6	-15.871185302734375	500
1147	500.0	472.6	9.165390014648438	500
1148	500.0	472.6	1.9677863121032715	500
1149	500.0	472.6	-15.42601490020752	500
1150	390.0	471.5	-6.557787895202637	390
1151	500.0	472.36	-3.1650047302246094	500
1152	500.0	474.47	-6.980659484863281	500
1153	500.0	474.47	-5.4466705322265625	500
1154	500.0	474.47	-7.426883697509766	500
1155	500.0	474.47	6.0375518798828125	500
1156	137.0	470.84	-2.685645818710327	137
1157	500.0	470.84	-5.297080039978027	500
1158	500.0	470.84	-3.5148868560791016	500
1159	500.0	471.24	-9.576003074645996	500
1160	500.0	471.24	6.622492790222168	500
1161	346.0	469.84	4.356503963470459	346
1162	500.0	469.84	-4.024574279785156	500
1163	500.0	469.84	3.840059280395508	500
1164	359.0	468.43	-6.900010108947754	359
1165	500.0	468.43	3.842318058013916	500
1166	500.0	468.43	-4.3490447998046875	500
1167	500.0	468.43	4.797964096069336	500
1168	449.0	467.92	-3.456613063812256	449
1169	500.0	467.92	9.732356071472168	500
1170	500.0	469.39	-7.324644565582275	500
1171	500.0	469.39	-1.7593295574188232	500
1172	500.0	469.39	9.1921968460083	500
1173	419.0	468.58	-6.345647811889648	419
1174	500.0	468.58	-18.061229705810547	500
1175	500.0	469.09	-1.5817265510559082	500
1176	500.0	469.09	-5.677826404571533	500
1177	175.0	465.84	-9.901355743408203	175
1178	500.0	465.84	-8.850882530212402	500
1179	469.0	465.53	-24.44611358642578	469
1180	500.0	468.89	-4.868436813354492	500
1181	500.0	468.89	-7.935646057128906	500
1182	237.0	466.26	-2.411867141723633	237
1183	500.0	467.96	-1.8930225372314453	500
1184	500.0	467.96	0.13469696044921875	500
1185	500.0	467.96	-13.455890655517578	500
1186	264.0	465.6	-17.58146858215332	264
1187	500.0	465.6	-1.4993162155151367	500
1188	314.0	463.74	-12.1489839553833	314
1189	500.0	463.74	-6.029260635375977	500
1190	500.0	463.74	1.0909743309020996	500
1191	500.0	466.92	-7.535909652709961	500
1192	500.0	466.92	-8.345512390136719	500
1193	500.0	466.92	4.792766571044922	500
1194	500.0	466.92	-16.404502868652344	500
1195	500.0	466.92	-4.118499755859375	500
1196	426.0	466.18	-5.445948600769043	426
1197	500.0	468.58	-6.882856369018555	500
1198	500.0	469.68	-2.8797354698181152	500
1199	500.0	469.68	-6.3745317459106445	500
1200	500.0	469.68	9.388496398925781	500
1201	500.0	469.68	11.667017936706543	500
1202	270.0	467.38	-5.819107532501221	270
1203	500.0	467.38	-8.153599739074707	500
1204	500.0	467.38	-10.990467071533203	500
1205	500.0	469.3	-9.866114616394043	500
1206	500.0	469.3	-1.16642165184021	500
1207	130.0	465.6	-11.310430526733398	130
1208	500.0	467.61	3.454904556274414	500
1209	500.0	468.52	-9.840317726135254	500
1210	500.0	468.52	7.977529048919678	500
1211	453.0	468.05	-13.157821655273438	453
1212	500.0	468.05	-4.769578456878662	500
1213	500.0	468.05	-1.2028312683105469	500
1214	500.0	468.05	-3.9852232933044434	500
1215	500.0	468.05	-0.5944671630859375	500
1216	500.0	468.05	-6.858706474304199	500
1217	406.0	467.3	-7.064520835876465	406
1218	500.0	467.3	-6.495746612548828	500
1219	500.0	469.01	-8.046361923217773	500
1220	500.0	469.44	-6.866177558898926	500
1221	398.0	468.42	-17.377513885498047	398
1222	500.0	468.42	0.007763862609863281	500
1223	500.0	468.42	2.6035194396972656	500
1224	500.0	468.42	19.621034622192383	500
1225	500.0	468.42	8.666719436645508	500
1226	500.0	468.42	-6.5267181396484375	500
1227	500.0	468.42	-0.5598831176757812	500
1228	500.0	468.42	3.8364815711975098	500
1229	500.0	468.42	-11.326566696166992	500
1230	293.0	466.35	-9.612970352172852	293
1231	500.0	466.35	-5.634953498840332	500
1232	500.0	468.06	-8.97313117980957	500
1233	500.0	468.06	-10.269204139709473	500
1234	489.0	467.95	2.4583606719970703	489
1235	500.0	467.95	10.818333625793457	500
1236	500.0	467.95	2.5326719284057617	500
1237	500.0	467.95	-1.4736056327819824	500
1238	500.0	467.95	-4.472689628601074	500
1239	500.0	467.95	6.988038539886475	500
1240	500.0	467.95	-11.777259826660156	500
1241	143.0	465.67	3.823871612548828	143
1242	500.0	465.67	4.084133625030518	500
1243	500.0	465.67	9.71308422088623	500
1244	500.0	465.67	11.127899169921875	500
1245	500.0	465.67	2.598973274230957	500
1246	500.0	465.67	6.096513748168945	500
1247	500.0	465.67	4.070392608642578	500
1248	500.0	465.67	1.694859504699707	500
1249	500.0	465.67	3.102343797683716	500
1250	500.0	466.77	-9.660966873168945	500
1251	500.0	466.77	-14.461355209350586	500
1252	500.0	466.77	-1.8998069763183594	500
1253	500.0	466.77	-12.025437355041504	500
1254	500.0	466.77	12.36756706237793	500
1255	500.0	466.77	8.189092636108398	500
1256	500.0	470.4	7.666231632232666	500
1257	500.0	470.4	4.8114423751831055	500
1258	500.0	470.4	-11.776372909545898	500
1259	500.0	470.4	7.164956569671631	500
1260	500.0	470.4	9.646678924560547	500
1261	500.0	471.94	-13.877738952636719	500
1262	500.0	471.94	-6.32373046875	500
1263	500.0	471.94	6.013167858123779	500
1264	457.0	472.92	-12.859780311584473	457
1265	500.0	472.92	-3.3789772987365723	500
1266	500.0	472.92	1.907064437866211	500
1267	500.0	472.92	2.813333511352539	500
1268	500.0	473.43	0.7823972702026367	500
1269	500.0	473.43	-9.963739395141602	500
1270	262.0	471.05	0.230576753616333	262
1271	500.0	471.05	9.895767211914062	500
1272	500.0	471.05	-1.5770368576049805	500
1273	500.0	471.86	3.9244441986083984	500
1274	500.0	471.86	-8.977523803710938	500
1275	500.0	471.86	6.745886325836182	500
1276	416.0	471.02	-1.8873809576034546	416
1277	362.0	472.89	-7.895504951477051	362
1278	341.0	471.3	2.1455373764038086	341
1279	438.0	470.99	-10.539777755737305	438
1280	370.0	469.69	3.1340436935424805	370
1281	343.0	468.12	10.700286865234375	343
1282	318.0	468.93	-4.909907341003418	318
1283	500.0	468.93	11.312559127807617	500
1284	349.0	467.42	13.407954216003418	349
1285	405.0	466.47	5.621021747589111	405
1286	306.0	466.89	-4.761178016662598	306
1287	296.0	464.85	0.5226540565490723	296
1288	266.0	464.37	-4.724429130554199	266
1289	274.0	462.11	0.5867650508880615	274
1290	423.0	461.34	4.578932762145996	423
1291	407.0	460.41	-8.283226013183594	407
1292	353.0	458.94	3.596607208251953	353
1293	500.0	458.94	7.6310882568359375	500
1294	500.0	458.94	-8.145156860351562	500
1295	442.0	458.36	3.4041318893432617	442
1296	371.0	457.81	-2.9696044921875	371
1297	332.0	456.13	1.5166049003601074	332
1298	466.0	455.79	4.565967559814453	466
1299	370.0	454.49	11.872669219970703	370
1300	500.0	454.49	-7.412301063537598	500
1301	500.0	454.49	-4.944157123565674	500
1302	480.0	456.59	-1.304962158203125	480
1303	315.0	454.74	-4.312125205993652	315
1304	500.0	454.74	0.4014606475830078	500
1305	500.0	454.74	5.275456428527832	500
1306	500.0	454.74	1.4508247375488281	500
1307	500.0	458.44	19.703407287597656	500
1308	500.0	458.44	-2.7874088287353516	500
1309	396.0	457.4	0.19629669189453125	396
1310	500.0	457.4	-9.7788667678833	500
1311	500.0	457.87	2.034839630126953	500
1312	500.0	457.87	9.83840560913086	500
1313	500.0	457.87	1.7879772186279297	500
1314	500.0	457.87	-1.8748846054077148	500
1315	500.0	457.87	-7.578183650970459	500
1316	500.0	457.87	-1.1830809116363525	500
1317	500.0	458.81	4.9868974685668945	500
1318	500.0	458.81	8.00619125366211	500
1319	500.0	458.81	-4.277718544006348	500
1320	500.0	458.81	-12.371684074401855	500
1321	500.0	459.83	7.493582725524902	500
1322	500.0	459.83	16.908771514892578	500
1323	500.0	459.83	9.505216598510742	500
1324	500.0	459.83	-8.294342041015625	500
1325	500.0	459.83	-14.070107460021973	500
1326	406.0	458.89	-16.38995361328125	406
1327	500.0	458.89	-7.27516508102417	500
1328	500.0	458.89	3.628274917602539	500
1329	500.0	458.89	-7.367213249206543	500
1330	500.0	460.96	3.37009334564209	500
1331	369.0	459.65	1.8663169145584106	369
1332	500.0	459.65	0.49584388732910156	500
1333	500.0	459.65	11.959928512573242	500
1334	500.0	459.76	-7.268017768859863	500
1335	500.0	459.76	-13.259077072143555	500
1336	308.0	457.84	-10.054469108581543	308
1337	500.0	457.84	10.745216369628906	500
1338	500.0	457.84	-11.927835464477539	500
1339	500.0	457.84	1.0948419570922852	500
1340	500.0	457.84	-3.106708526611328	500
1341	500.0	461.41	3.073242664337158	500
1342	500.0	461.41	12.871964454650879	500
1343	500.0	461.41	-6.152499198913574	500
1344	500.0	461.41	-6.648899078369141	500
1345	500.0	461.41	4.18589448928833	500
1346	500.0	461.41	-6.506728649139404	500
1347	500.0	461.41	6.166589736938477	500
1348	500.0	461.41	-5.722175598144531	500
1349	500.0	461.41	3.921154022216797	500
1350	500.0	461.41	6.268665313720703	500
1351	500.0	461.41	-5.605706214904785	500
1352	351.0	459.92	-0.16940587759017944	351
1353	500.0	459.92	-1.6439480781555176	500
1354	500.0	459.92	-11.804588317871094	500
1355	500.0	459.92	-14.634844779968262	500
1356	500.0	459.92	-4.851544380187988	500
1357	500.0	459.92	-4.60845947265625	500
1358	398.0	458.9	-9.366435050964355	398
1359	284.0	456.74	-13.171150207519531	284
1360	500.0	456.74	-7.586429595947266	500
1361	500.0	456.74	-6.395880222320557	500
1362	407.0	455.81	-5.761500358581543	407
1363	342.0	454.23	-12.42944622039795	342
1364	500.0	454.66	0.19163799285888672	500
1365	500.0	454.66	-14.203886985778809	500
1366	500.0	454.66	-16.420000076293945	500
1367	452.0	454.18	-5.8881072998046875	452
1368	346.0	452.64	-15.67386531829834	346
1369	500.0	452.64	-10.452341079711914	500
1370	500.0	455.02	-8.881734848022461	500
1371	500.0	455.02	-4.7910895347595215	500
1372	289.0	452.91	-3.8311192989349365	289
1373	475.0	452.66	-8.111122131347656	475
1374	500.0	452.66	-11.153925895690918	500
1375	500.0	452.66	3.732663154602051	500
1376	469.0	453.19	-9.714800834655762	469
1377	500.0	454.57	-4.019351482391357	500
1378	280.0	453.96	-3.6800403594970703	280
1379	318.0	452.76	-9.063505172729492	318
1380	500.0	454.06	-3.2506351470947266	500
1381	500.0	455.63	-4.614140510559082	500
1382	500.0	457.45	-2.940855026245117	500
1383	500.0	457.45	0.7800121307373047	500
1384	274.0	456.7	-3.6031360626220703	274
1385	500.0	457.65	6.675036430358887	500
1386	451.0	459.1	-11.260774612426758	451
1387	388.0	460.02	-12.360221862792969	388
1388	500.0	462.36	-3.5614423751831055	500
1389	500.0	464.62	-2.3418540954589844	500
1390	500.0	465.39	-1.8677978515625	500
1391	500.0	466.32	5.2805256843566895	500
1392	500.0	467.79	-5.182572841644287	500
1393	500.0	467.79	-6.342134475708008	500
1394	500.0	467.79	-15.081202507019043	500
1395	500.0	468.37	-11.159069061279297	500
1396	500.0	469.66	-2.9696359634399414	500
1397	500.0	471.34	-0.18552064895629883	500
1398	500.0	471.68	-4.269686698913574	500
1399	464.0	472.62	-15.695000648498535	464
1400	500.0	472.62	2.066119432449341	500
1401	498.0	472.6	-4.167324542999268	498
1402	500.0	472.8	-2.668119430541992	500
1403	500.0	474.65	-3.212843894958496	500
1404	393.0	473.58	-15.520552635192871	393
1405	500.0	473.58	-3.231879711151123	500
1406	500.0	473.58	2.7536394596099854	500
1407	500.0	473.58	-8.848297119140625	500
1408	500.0	473.58	-5.413516044616699	500
1409	434.0	473.96	-15.914257049560547	434
1410	500.0	473.96	-11.72067928314209	500
1411	500.0	473.96	-20.180328369140625	500
1412	484.0	473.8	-19.484615325927734	484
1413	365.0	472.45	-2.887824296951294	365
1414	410.0	471.55	-6.601483345031738	410
1415	468.0	471.23	-13.832660675048828	468
1416	500.0	471.23	-7.083980560302734	500
1417	383.0	470.06	-1.5427751541137695	383
1418	500.0	470.06	-17.752172470092773	500
1419	481.0	469.87	-10.780426979064941	481
1420	500.0	469.87	0.39458417892456055	500
1421	500.0	469.87	0.1079854965209961	500
1422	500.0	469.87	12.993114471435547	500
1423	500.0	469.87	3.584904670715332	500
1424	500.0	469.87	-5.223012924194336	500
1425	500.0	469.87	3.5853734016418457	500
1426	500.0	470.81	-5.072399139404297	500
1427	360.0	469.41	-8.555631637573242	360
1428	500.0	469.41	6.1605730056762695	500
1429	500.0	469.41	0.9475002288818359	500
1430	500.0	469.41	-8.622414588928223	500
1431	500.0	470.72	-0.06712150573730469	500
1432	500.0	470.72	-5.649662017822266	500
1433	500.0	470.72	-5.823395729064941	500
1434	500.0	470.72	-8.005203247070312	500
1435	500.0	470.72	13.012886047363281	500
1436	500.0	472.64	-11.54150676727295	500
1437	458.0	472.22	1.7640538215637207	458
1438	500.0	472.22	-16.436767578125	500
1439	500.0	472.22	-0.20067977905273438	500
1440	500.0	472.22	-15.660273551940918	500
1441	500.0	472.22	-2.7952799797058105	500
1442	500.0	472.22	-0.686713695526123	500
1443	500.0	472.22	0.654299259185791	500
1444	500.0	472.22	5.518749237060547	500
1445	500.0	472.22	-3.3749704360961914	500
1446	500.0	472.22	-2.862464427947998	500
1447	500.0	472.22	-12.32142448425293	500
1448	498.0	472.2	-12.204338073730469	498
1449	500.0	472.2	-9.548942565917969	500
1450	500.0	472.2	-2.9097037315368652	500
1451	500.0	472.2	3.7987332344055176	500
1452	492.0	473.61	-8.21573257446289	492
1453	500.0	473.61	-1.2350196838378906	500
1454	500.0	473.61	-12.149532318115234	500
1455	500.0	473.61	4.906007766723633	500
1456	500.0	473.61	-10.877726554870605	500
1457	500.0	473.61	-3.3734593391418457	500
1458	500.0	474.63	-5.195685386657715	500
1459	500.0	476.79	10.206344604492188	500
1460	500.0	476.79	-8.48703384399414	500
1461	500.0	476.79	6.057864189147949	500
1462	500.0	477.72	-6.008023262023926	500
1463	500.0	479.3	-0.3924531936645508	500
1464	500.0	479.3	3.6929454803466797	500
1465	297.0	477.27	-1.4873911142349243	297
1466	500.0	477.27	2.5569467544555664	500
1467	500.0	477.75	10.633819580078125	500
1468	500.0	479.29	-2.8033695220947266	500
1469	500.0	479.29	-5.82303524017334	500
1470	500.0	479.29	-6.184393882751465	500
1471	500.0	479.29	-3.02999210357666	500
1472	500.0	481.4	-9.580458641052246	500
1473	500.0	481.65	6.233832359313965	500
1474	500.0	481.65	2.0047335624694824	500
1475	500.0	481.65	-3.019033908843994	500
1476	500.0	481.96	-10.3795166015625	500
1477	500.0	481.96	-6.128416538238525	500
1478	500.0	484.16	0.2449970245361328	500
1479	500.0	485.98	-3.6912317276000977	500
1480	500.0	485.98	-5.105104446411133	500
1481	500.0	485.98	2.3563008308410645	500
1482	500.0	485.98	1.44486665725708	500
1483	500.0	485.98	-16.341232299804688	500
1484	500.0	488.24	9.235496520996094	500
1485	500.0	488.24	-10.492629051208496	500
1486	500.0	488.73	8.194445610046387	500
1487	362.0	488.47	-22.817899703979492	362
1488	500.0	488.47	1.717763900756836	500
1489	500.0	488.47	14.283235549926758	500
1490	371.0	487.18	-11.08376407623291	371
1491	500.0	487.18	2.982053756713867	500
1492	500.0	487.18	4.271775245666504	500
1493	500.0	487.18	-15.959123611450195	500
1494	500.0	487.18	-9.935286521911621	500
1495	500.0	487.18	1.5752074718475342	500
1496	500.0	487.18	-0.7747493982315063	500
1497	500.0	487.18	-7.043700695037842	500
1498	500.0	487.18	7.729733943939209	500
1499	500.0	487.54	-3.2595760822296143	500
1500	412.0	486.66	-14.58791446685791	412
1501	500.0	486.68	-7.663884162902832	500
1502	500.0	486.68	-16.35239601135254	500
1503	500.0	486.68	-10.711395263671875	500
1504	500.0	487.75	-3.907952308654785	500
1505	500.0	487.75	-12.193052291870117	500
1506	500.0	487.75	4.451601028442383	500
1507	500.0	487.75	12.984259605407715	500
1508	500.0	487.75	-2.4292802810668945	500
1509	500.0	488.41	-7.065643787384033	500
1510	500.0	488.41	-6.328775405883789	500
1511	500.0	488.41	-7.02278995513916	500
1512	500.0	488.57	5.091427803039551	500
1513	500.0	489.92	6.2752180099487305	500
1514	500.0	490.82	-23.973857879638672	500
1515	500.0	491.14	2.9927749633789062	500
1516	500.0	491.14	-12.87795639038086	500
1517	500.0	492.31	7.745855331420898	500
1518	500.0	492.31	-2.8405418395996094	500
1519	500.0	492.5	-0.9563713073730469	500
1520	500.0	492.5	-2.3268232345581055	500
1521	500.0	492.5	-0.9582328796386719	500
1522	500.0	492.5	-5.0826921463012695	500
1523	500.0	492.5	-15.676441192626953	500
1524	500.0	492.5	-1.8199033737182617	500
1525	500.0	492.5	-11.47195053100586	500
1526	500.0	492.5	-5.218385696411133	500
1527	500.0	493.9	-5.984140396118164	500
1528	500.0	493.9	-4.941854476928711	500
1529	500.0	493.9	-3.715729236602783	500
1530	500.0	493.9	5.950005531311035	500
1531	500.0	493.9	-0.21199417114257812	500
1532	477.0	493.67	-17.851118087768555	477
1533	500.0	493.67	9.696561813354492	500
1534	500.0	493.67	0.5013117790222168	500
1535	316.0	491.83	-2.213064193725586	316
1536	500.0	491.83	12.962091445922852	500
1537	500.0	492.25	0.6472846269607544	500
1538	500.0	492.25	-17.730010986328125	500
1539	500.0	492.25	-18.220369338989258	500
1540	500.0	492.25	0.2571268081665039	500
1541	500.0	492.25	-8.231000900268555	500
1542	500.0	492.25	-8.917840957641602	500
1543	500.0	492.25	-10.847461700439453	500
1544	312.0	490.37	-9.949949264526367	312
1545	500.0	490.37	-6.637275695800781	500
1546	432.0	489.69	-5.47453498840332	432
1547	500.0	489.69	-2.1888256072998047	500
1548	451.0	489.22	-4.135573387145996	451
1549	439.0	488.61	-6.954883098602295	439
1550	360.0	487.21	-11.640153884887695	360
1551	488.0	487.09	-0.13417959213256836	488
1552	500.0	487.17	-0.9752969741821289	500
1553	500.0	487.17	-21.663429260253906	500
1554	355.0	485.72	-9.072572708129883	355
1555	500.0	485.72	-0.5186543464660645	500
1556	500.0	485.72	-3.1668787002563477	500
1557	500.0	485.72	-5.843143463134766	500
1558	500.0	485.72	4.857606887817383	500
1559	358.0	484.3	0.5269942283630371	358
1560	398.0	483.28	-11.751798629760742	398
1561	498.0	483.26	-17.312057495117188	498
1562	369.0	481.95	-1.3031936883926392	369
1563	427.0	481.22	-6.075516223907471	427
1564	398.0	480.2	-10.261359214782715	398
1565	353.0	480.76	-2.305551767349243	353
1566	437.0	480.13	-10.729540824890137	437
1567	500.0	480.13	6.387054920196533	500
1568	500.0	480.13	-13.44869613647461	500
1569	500.0	480.13	-10.415281295776367	500
1570	412.0	479.25	-12.269065856933594	412
1571	500.0	479.25	1.0526297092437744	500
1572	425.0	478.5	-23.37331199645996	425
1573	500.0	478.5	-0.4003481864929199	500
1574	500.0	478.5	-6.670577526092529	500
1575	500.0	478.5	-16.941436767578125	500
1576	500.0	478.5	-9.586400985717773	500
1577	500.0	478.5	-6.497591018676758	500
1578	500.0	478.5	3.004304885864258	500
1579	500.0	478.5	-3.373164653778076	500
1580	432.0	477.82	-25.170581817626953	432
1581	500.0	477.82	-21.185443878173828	500
1582	500.0	477.82	-1.591280221939087	500
1583	500.0	477.82	-5.946351528167725	500
1584	448.0	477.3	-14.344222068786621	448
1585	500.0	477.3	-8.286173820495605	500
1586	500.0	477.3	-5.0319108963012695	500
1587	415.0	477.83	-17.30916976928711	415
1588	500.0	477.83	-7.363770961761475	500
1589	480.0	477.63	-8.776912689208984	480
1590	355.0	477.47	-16.517765045166016	355
1591	443.0	476.9	-3.800487518310547	443
1592	418.0	476.08	-8.702384948730469	418
1593	500.0	476.08	-5.644742965698242	500
1594	295.0	474.03	-2.9393720626831055	295
1595	394.0	472.97	-16.580360412597656	394
1596	500.0	472.97	-4.356929779052734	500
1597	415.0	472.12	0.9172153472900391	415
1598	174.0	468.86	-0.5823009610176086	174
1599	500.0	468.86	-8.354392051696777	500
1600	398.0	468.72	-8.467513084411621	398
1601	341.0	467.13	-12.607721328735352	341
1602	477.0	466.9	-13.152704238891602	477
1603	500.0	466.9	-15.545421600341797	500
1604	500.0	466.9	14.062041282653809	500
1605	500.0	466.9	-7.962767601013184	500
1606	500.0	466.9	-1.4500999450683594	500
1607	500.0	466.9	-0.4141988754272461	500
1608	500.0	466.9	-10.66375732421875	500
1609	500.0	466.9	-7.481248378753662	500
1610	500.0	466.9	-8.991767883300781	500
1611	500.0	466.9	-8.330436706542969	500
1612	500.0	466.9	-6.331625938415527	500
1613	500.0	466.9	0.4495878219604492	500
1614	500.0	466.9	2.240354061126709	500
1615	500.0	466.9	-8.25709342956543	500
1616	500.0	466.9	-7.407321929931641	500
1617	500.0	466.9	-13.67159652709961	500
1618	500.0	466.9	5.6757731437683105	500
1619	500.0	466.9	-7.252468585968018	500
1620	500.0	466.9	13.27983283996582	500
1621	500.0	466.9	-6.195385932922363	500
1622	500.0	466.9	-12.843542098999023	500
1623	500.0	466.9	7.270967483520508	500
1624	500.0	466.9	-7.638191223144531	500
1625	500.0	466.9	2.8156394958496094	500
1626	500.0	466.9	0.3139495849609375	500
1627	500.0	466.9	4.566056251525879	500
1628	500.0	466.9	0.2396845817565918	500
1629	500.0	466.9	-5.73609733581543	500
1630	500.0	466.9	8.331229209899902	500
1631	500.0	466.9	3.359745979309082	500
1632	500.0	467.13	1.8284554481506348	500
1633	500.0	467.13	3.2508373260498047	500
1634	475.0	466.88	-7.498791217803955	475
1635	500.0	468.72	-9.045513153076172	500
1636	500.0	468.72	-0.22830772399902344	500
1637	500.0	468.72	2.7700109481811523	500
1638	500.0	468.72	-4.673775672912598	500
1639	500.0	468.72	-7.045328617095947	500
1640	500.0	468.72	9.937631607055664	500
1641	500.0	468.72	-2.9768025875091553	500
1642	500.0	468.72	-18.930824279785156	500
1643	500.0	468.72	-12.606755256652832	500
1644	500.0	470.6	-1.7284164428710938	500
1645	500.0	470.6	-11.67612361907959	500
1646	500.0	471.28	-4.308530807495117	500
1647	500.0	471.28	-9.041383743286133	500
1648	500.0	471.77	-8.238431930541992	500
1649	500.0	472.38	-0.8622422218322754	500
1650	500.0	473.78	-6.979074001312256	500
1651	500.0	473.9	3.305405616760254	500
1652	500.0	473.9	-4.925630569458008	500
1653	500.0	473.9	4.606054306030273	500
1654	500.0	475.35	-6.48823356628418	500
1655	500.0	475.35	-11.690515518188477	500
1656	500.0	475.35	4.95070743560791	500
1657	500.0	475.35	0.9926352500915527	500
1658	500.0	475.35	-4.988170623779297	500
1659	500.0	476.77	0.03290367126464844	500
1660	500.0	477.79	9.011167526245117	500
1661	500.0	477.81	-5.192410469055176	500
1662	500.0	479.12	9.2974853515625	500
1663	500.0	479.85	0.9502754211425781	500
1664	500.0	480.87	2.4172866344451904	500
1665	500.0	482.34	1.0875802040100098	500
1666	500.0	482.97	6.2250776290893555	500
1667	500.0	482.97	-10.215381622314453	500
1668	500.0	482.97	-4.814737319946289	500
1669	500.0	482.97	1.2591495513916016	500
1670	500.0	483.85	-1.9513309001922607	500
1671	500.0	483.85	-13.62179183959961	500
1672	500.0	484.6	4.369388580322266	500
1673	500.0	484.6	7.402203559875488	500
1674	500.0	484.6	-6.33393669128418	500
1675	500.0	484.6	2.8603601455688477	500
1676	500.0	484.6	-1.6859335899353027	500
1677	434.0	483.94	-8.80046272277832	434
1678	500.0	483.94	-1.1351051330566406	500
1679	500.0	483.94	7.943815231323242	500
1680	500.0	484.62	-1.0525398254394531	500
1681	211.0	481.73	-18.467601776123047	211
1682	500.0	481.73	-2.5560340881347656	500
1683	500.0	481.73	-9.755243301391602	500
1684	500.0	482.25	-7.158082962036133	500
1685	500.0	482.25	-19.047019958496094	500
1686	500.0	482.25	7.24613094329834	500
1687	500.0	483.1	-5.4227447509765625	500
1688	500.0	483.1	-6.301087379455566	500
1689	500.0	483.3	-8.976004600524902	500
1690	500.0	484.75	-3.843996047973633	500
1691	500.0	485.32	-17.649154663085938	500
1692	500.0	486.14	-2.139514446258545	500
1693	500.0	486.14	-11.122496604919434	500
1694	500.0	488.19	-11.28497314453125	500
1695	500.0	489.25	0.14659500122070312	500
1696	500.0	489.25	1.5572006702423096	500
1697	500.0	490.1	-7.524680137634277	500
1698	500.0	493.36	-5.980217933654785	500
1699	500.0	493.36	-17.134788513183594	500
1700	500.0	494.38	-6.605299949645996	500
1701	500.0	495.97	-5.595685005187988	500
1702	500.0	496.2	-5.545197010040283	500
1703	500.0	496.2	-6.735219955444336	500
1704	500.0	496.2	-4.401148796081543	500
1705	500.0	496.2	-9.32147216796875	500
1706	500.0	496.2	-5.0678839683532715	500
1707	500.0	496.2	-3.642897605895996	500
1708	500.0	496.2	-0.26491451263427734	500
1709	500.0	496.2	6.531496524810791	500
1710	500.0	496.2	4.773861408233643	500
1711	500.0	496.2	-10.380882263183594	500
1712	500.0	496.2	8.15672492980957	500
1713	500.0	496.2	-4.304694652557373	500
1714	500.0	496.2	-7.717836856842041	500
1715	258.0	493.78	4.97165060043335	258
1716	500.0	493.78	-5.561563014984131	500
1717	500.0	493.78	3.416984796524048	500
1718	500.0	493.78	-8.053552627563477	500
1719	500.0	493.78	-10.45643424987793	500
1720	500.0	493.78	2.680270195007324	500
1721	500.0	493.78	5.6920013427734375	500
1722	500.0	493.78	-3.260826587677002	500
1723	500.0	493.78	-8.940655708312988	500
1724	500.0	493.78	10.14829158782959	500
1725	500.0	493.78	-9.400622367858887	500
1726	500.0	493.78	-7.0737528800964355	500
1727	500.0	493.78	-0.49715232849121094	500
1728	500.0	493.78	3.908508777618408	500
1729	500.0	493.78	-15.847356796264648	500
1730	500.0	493.78	-7.256371974945068	500
1731	500.0	493.78	-4.012566566467285	500
1732	500.0	493.78	2.037900924682617	500
1733	500.0	493.78	-2.5563135147094727	500
1734	500.0	494.03	-9.916818618774414	500
1735	500.0	494.03	9.657145500183105	500
1736	500.0	494.03	-4.972926139831543	500
1737	500.0	494.03	-4.283442974090576	500
1738	500.0	494.03	3.7897391319274902	500
1739	500.0	494.03	-1.2815446853637695	500
1740	500.0	494.03	-2.1203689575195312	500
1741	500.0	494.03	2.3298206329345703	500
1742	500.0	494.03	2.989800453186035	500
1743	500.0	494.03	-4.051987171173096	500
1744	500.0	494.03	9.747395515441895	500
1745	500.0	494.03	-8.607035636901855	500
1746	500.0	494.03	-12.850793838500977	500
1747	134.0	490.37	-9.17016887664795	134
1748	500.0	490.37	-25.239408493041992	500
1749	500.0	490.37	-3.810777187347412	500
1750	500.0	490.37	-11.578468322753906	500
1751	500.0	490.37	5.012477874755859	500
1752	500.0	490.37	1.2748150825500488	500
1753	500.0	490.37	10.746413230895996	500
1754	500.0	490.37	3.4260802268981934	500
1755	500.0	490.37	3.630805253982544	500
1756	500.0	490.37	5.017641544342041	500
1757	500.0	490.37	-14.315366744995117	500
1758	500.0	490.37	-2.7399368286132812	500
1759	500.0	490.37	1.73042631149292	500
1760	500.0	490.37	4.171285152435303	500
1761	454.0	489.91	-10.186117172241211	454
1762	500.0	489.91	-4.731915473937988	500
1763	500.0	489.91	-4.4733195304870605	500
1764	500.0	489.91	-4.4094696044921875	500
1765	500.0	489.91	-9.492964744567871	500
1766	500.0	489.91	-8.462120056152344	500
1767	500.0	489.91	-7.258333683013916	500
1768	500.0	489.91	-14.543989181518555	500
1769	500.0	489.91	-3.126193046569824	500
1770	500.0	489.91	-9.213645935058594	500
1771	500.0	489.91	-2.4075629711151123	500
1772	500.0	489.91	-2.8645496368408203	500
1773	500.0	489.91	-4.899140357971191	500
1774	500.0	489.91	0.48459064960479736	500
1775	500.0	489.91	2.123830795288086	500
1776	500.0	489.91	-4.658929824829102	500
1777	500.0	490.57	-7.399303436279297	500
1778	500.0	490.57	8.135533332824707	500
1779	500.0	490.57	-0.8664717674255371	500
1780	500.0	490.57	-4.546841144561768	500
1781	500.0	493.46	-14.021835327148438	500
1782	500.0	493.46	-3.82904052734375	500
1783	216.0	490.62	-13.231414794921875	216
1784	500.0	490.62	-18.647428512573242	500
1785	500.0	490.62	-11.60834789276123	500
1786	500.0	490.62	-0.24505901336669922	500
1787	500.0	490.62	-5.286073684692383	500
1788	500.0	490.62	4.396635055541992	500
1789	500.0	490.62	9.301900863647461	500
1790	500.0	490.62	12.042351722717285	500
1791	500.0	490.62	-21.013259887695312	500
1792	500.0	490.62	-9.203006744384766	500
1793	500.0	490.62	-5.689557075500488	500
1794	500.0	490.62	-2.693389892578125	500
1795	500.0	490.62	0.15530920028686523	500
1796	500.0	490.62	-5.622540473937988	500
1797	500.0	490.62	-3.35368013381958	500
1798	500.0	490.62	4.556303024291992	500
1799	500.0	490.62	5.467928886413574	500
1800	500.0	490.62	-18.99818229675293	500
1801	500.0	490.62	-6.116139888763428	500
1802	500.0	490.62	-18.066665649414062	500
1803	500.0	490.62	-3.3276023864746094	500
1804	500.0	490.62	-5.583812713623047	500
1805	500.0	490.62	0.6667537689208984	500
1806	500.0	490.62	8.786147117614746	500
1807	500.0	490.62	-9.260080337524414	500
1808	500.0	490.62	-1.5027246475219727	500
1809	500.0	490.62	5.4223713874816895	500
1810	500.0	490.62	-7.465025424957275	500
1811	500.0	490.62	-12.40239143371582	500
1812	480.0	490.42	7.533985614776611	480
1813	500.0	490.42	-20.150005340576172	500
1814	500.0	490.42	14.861977577209473	500
1815	500.0	492.84	12.218500137329102	500
1816	500.0	492.84	7.030848026275635	500
1817	500.0	492.84	3.303549289703369	500
1818	500.0	492.84	-10.325199127197266	500
1819	500.0	492.84	-1.3916425704956055	500
1820	500.0	492.84	-2.906139373779297	500
1821	500.0	492.84	-10.207731246948242	500
1822	500.0	492.84	-11.455957412719727	500
1823	500.0	492.84	-2.340231418609619	500
1824	500.0	492.84	-0.8922195434570312	500
1825	500.0	492.84	-8.252435684204102	500
1826	500.0	492.84	-1.2666056156158447	500
1827	500.0	492.84	-6.580173015594482	500
1828	500.0	492.84	6.217014312744141	500
1829	500.0	492.84	-12.299697875976562	500
1830	500.0	492.84	10.640079498291016	500
1831	478.0	492.62	-5.735625267028809	478
1832	263.0	490.25	-8.996601104736328	263
1833	473.0	489.98	-2.248791217803955	473
1834	500.0	489.98	6.05661678314209	500
1835	479.0	489.77	7.427875518798828	479
1836	383.0	488.6	-0.9652543067932129	383
1837	268.0	486.28	-1.933842658996582	268
1838	279.0	484.07	0.9952392578125	279
1839	368.0	482.75	3.005092144012451	368
1840	353.0	481.28	-1.3690261840820312	353
1841	441.0	480.69	12.738807678222656	441
1842	451.0	480.2	2.925745725631714	451
1843	317.0	478.37	-9.506536483764648	317
1844	444.0	477.81	-9.625282287597656	444
1845	303.0	475.84	-4.111937999725342	303
1846	223.0	473.07	-3.889890670776367	223
1847	428.0	476.01	5.906638145446777	428
1848	277.0	473.78	-6.261500358581543	277
1849	317.0	471.95	-3.9506402015686035	317
1850	305.0	470.0	4.873203277587891	305
1851	391.0	468.91	0.7916982173919678	391
1852	301.0	466.92	-1.8562486171722412	301
1853	336.0	465.28	-0.8174927234649658	336
1854	356.0	463.84	-4.08690071105957	356
1855	358.0	462.42	3.2189741134643555	358
1856	315.0	460.57	-1.4933886528015137	315
1857	446.0	460.03	0.19951677322387695	446
1858	294.0	457.97	6.935002326965332	294
1859	498.0	457.95	-8.330680847167969	498
1860	484.0	457.79	-6.054111003875732	484
1861	500.0	458.25	-3.5853195190429688	500
1862	500.0	458.25	-10.325875282287598	500
1863	500.0	458.25	-0.5774796009063721	500
1864	500.0	458.25	1.5615487098693848	500
1865	495.0	458.2	2.237553596496582	495
1866	500.0	458.2	-3.3741455078125	500
1867	500.0	458.2	-0.024126052856445312	500
1868	500.0	458.2	-9.17635726928711	500
1869	384.0	457.04	0.8783445358276367	384
1870	500.0	457.04	5.388296127319336	500
1871	500.0	457.04	6.896203994750977	500
1872	500.0	457.04	5.647724151611328	500
1873	500.0	457.04	-10.232124328613281	500
1874	500.0	457.04	2.631870746612549	500
1875	500.0	457.04	-4.910116195678711	500
1876	500.0	457.04	3.5916147232055664	500
1877	500.0	457.04	4.044710636138916	500
1878	500.0	457.04	3.833505630493164	500
1879	500.0	457.04	0.01758718490600586	500
1880	500.0	457.04	-7.565383434295654	500
1881	500.0	457.04	-14.264352798461914	500
1882	404.0	456.08	2.9650702476501465	404
1883	500.0	458.92	-2.522073745727539	500
1884	500.0	458.92	-10.528056144714355	500
1885	500.0	458.92	-2.104440212249756	500
1886	500.0	458.92	7.641646385192871	500
1887	500.0	458.92	-0.5577974319458008	500
1888	500.0	458.92	3.0354437828063965	500
1889	500.0	458.92	-0.5059561729431152	500
1890	500.0	458.92	-11.526554107666016	500
1891	500.0	458.92	0.766132116317749	500
1892	500.0	458.92	5.9416656494140625	500
1893	500.0	458.92	-7.932908535003662	500
1894	500.0	458.92	1.7003684043884277	500
1895	500.0	458.92	-6.273782730102539	500
1896	500.0	458.92	1.9842185974121094	500
1897	500.0	458.92	-13.06178092956543	500
1898	500.0	458.92	-17.325138092041016	500
1899	500.0	458.92	-10.484138488769531	500
1900	500.0	458.92	-1.2876615524291992	500
1901	500.0	458.92	7.819293022155762	500
1902	500.0	458.92	1.0595083236694336	500
1903	500.0	458.92	9.16172981262207	500
1904	500.0	458.92	4.732296943664551	500
1905	500.0	458.92	-4.924314498901367	500
1906	500.0	458.92	7.8995361328125	500
1907	500.0	458.92	12.702163696289062	500
1908	500.0	458.92	2.294854164123535	500
1909	500.0	458.92	3.352257251739502	500
1910	500.0	458.92	1.4210255146026611	500
1911	500.0	458.92	4.552574157714844	500
1912	500.0	459.12	-1.3000497817993164	500
1913	500.0	459.12	6.195587635040283	500
1914	500.0	459.12	22.57391357421875	500
1915	500.0	459.12	-10.200833320617676	500
1916	500.0	459.12	13.86916732788086	500
1917	500.0	459.12	-9.920232772827148	500
1918	500.0	459.12	-1.9155101776123047	500
1919	500.0	459.12	-2.734236717224121	500
1920	500.0	459.12	2.524751663208008	500
1921	500.0	459.12	-5.727632522583008	500
1922	500.0	459.12	-8.719204902648926	500
1923	500.0	459.12	1.6037964820861816	500
1924	500.0	459.12	7.455714225769043	500
1925	500.0	459.12	-7.468706130981445	500
1926	500.0	459.12	7.426969528198242	500
1927	500.0	459.12	0.8755683898925781	500
1928	500.0	459.12	-4.9544219970703125	500
1929	500.0	459.12	-9.328239440917969	500
1930	500.0	459.12	-6.132730960845947	500
1931	500.0	459.34	3.819040298461914	500
1932	500.0	461.71	7.782114505767822	500
1933	500.0	461.98	-8.229703903198242	500
1934	500.0	461.98	-13.950728416442871	500
1935	500.0	462.19	-2.6491599082946777	500
1936	500.0	463.36	-8.706387519836426	500
1937	500.0	465.68	4.6432390213012695	500
1938	500.0	467.89	-9.920555114746094	500
1939	500.0	469.21	2.2714195251464844	500
1940	500.0	470.68	-0.6963233947753906	500
1941	500.0	471.27	3.704512596130371	500
1942	500.0	471.76	1.7524185180664062	500
1943	500.0	473.59	2.8203248977661133	500
1944	500.0	474.15	-7.014987468719482	500
1945	500.0	476.12	-4.381474494934082	500
1946	500.0	478.89	3.0616445541381836	500
1947	500.0	479.61	2.5261287689208984	500
1948	500.0	481.84	-1.701012134552002	500
1949	500.0	483.67	-0.28519392013549805	500
1950	500.0	485.62	6.651558876037598	500
1951	500.0	486.71	9.001547813415527	500
1952	500.0	488.7	8.928586959838867	500
1953	500.0	490.34	-4.686864376068115	500
1954	500.0	491.78	-2.039154529571533	500
1955	500.0	493.2	-16.07029914855957	500
1956	500.0	495.05	-12.377197265625	500
1957	500.0	495.59	6.644942283630371	500
1958	500.0	497.65	-9.434176445007324	500
1959	500.0	497.67	-10.255074501037598	500
1960	500.0	497.83	-1.3153977394104004	500
1961	500.0	497.83	1.0149707794189453	500
1962	500.0	497.83	6.200479507446289	500
1963	500.0	497.83	-3.129554271697998	500
1964	500.0	497.83	-9.942957878112793	500
1965	500.0	497.88	-6.226312637329102	500
1966	500.0	497.88	-3.164531707763672	500
1967	500.0	497.88	11.863882064819336	500
1968	500.0	497.88	5.06993293762207	500
1969	500.0	499.04	-11.065177917480469	500
1970	500.0	499.04	-9.707809448242188	500
1971	500.0	499.04	2.615276336669922	500
1972	500.0	499.04	8.605308532714844	500
1973	500.0	499.04	3.129685878753662	500
1974	500.0	499.04	3.515364646911621	500
1975	500.0	499.04	-8.717325210571289	500
1976	500.0	499.04	-5.5387163162231445	500
1977	500.0	499.04	0.6972112655639648	500
1978	500.0	499.04	0.25878334045410156	500
1979	500.0	499.04	4.084232330322266	500
1980	500.0	499.04	-0.048885345458984375	500
1981	500.0	499.04	8.227703094482422	500
1982	500.0	500.0	5.598249912261963	500
